sim,house_dem_seats,senate_dem_seats
1,237,47
2,219,47
3,231,49
4,222,48
5,259,52
6,268,52
7,242,53
8,252,50
9,222,50
10,257,52
11,245,53
12,218,49
13,234,50
14,221,48
15,239,51
16,253,48
17,263,56
18,237,51
19,220,48
20,242,54
21,224,50
22,246,50
23,221,51
24,221,49
25,219,47
26,245,54
27,225,53
28,268,53
29,228,50
30,252,52
31,226,49
32,228,47
33,236,52
34,223,53
35,214,47
36,225,48
37,221,49
38,218,48
39,227,50
40,233,49
41,226,48
42,237,47
43,222,47
44,216,44
45,261,55
46,226,50
47,230,49
48,219,47
49,231,48
50,234,53
51,237,48
52,246,52
53,256,49
54,259,51
55,256,51
56,232,52
57,232,47
58,250,54
59,226,48
60,244,50
61,231,47
62,240,52
63,249,50
64,251,55
65,242,52
66,252,51
67,228,47
68,222,51
69,230,48
70,235,51
71,209,47
72,228,51
73,230,50
74,237,52
75,247,50
76,245,50
77,256,53
78,243,51
79,207,48
80,247,53
81,220,48
82,254,49
83,237,48
84,238,50
85,238,51
86,226,46
87,259,51
88,248,50
89,237,47
90,230,49
91,247,50
92,206,46
93,230,47
94,249,48
95,233,50
96,237,49
97,258,53
98,228,50
99,226,52
100,233,52
101,242,48
102,242,51
103,222,54
104,229,51
105,240,52
106,220,48
107,221,50
108,248,53
109,254,52
110,226,50
111,251,49
112,228,48
113,242,54
114,240,53
115,249,52
116,225,52
117,229,49
118,250,50
119,217,47
120,253,55
121,229,52
122,211,48
123,233,53
124,239,50
125,264,54
126,236,52
127,234,49
128,281,54
129,238,50
130,230,51
131,277,57
132,223,47
133,225,50
134,247,48
135,252,50
136,235,48
137,239,50
138,256,54
139,250,53
140,265,51
141,236,48
142,219,47
143,245,51
144,222,51
145,256,52
146,243,47
147,288,54
148,247,51
149,216,49
150,233,52
151,233,51
152,248,53
153,223,51
154,237,48
155,218,51
156,237,50
157,257,50
158,247,49
159,251,53
160,246,50
161,243,52
162,234,52
163,269,53
164,252,55
165,231,49
166,225,46
167,233,47
168,249,49
169,220,48
170,265,54
171,242,49
172,234,52
173,215,49
174,242,51
175,232,50
176,222,45
177,229,45
178,249,52
179,229,50
180,250,47
181,255,53
182,208,49
183,241,49
184,242,52
185,242,54
186,270,54
187,250,50
188,234,49
189,236,53
190,235,50
191,232,51
192,242,51
193,220,46
194,233,52
195,238,51
196,221,50
197,225,47
198,234,51
199,247,51
200,215,45
201,226,49
202,258,52
203,253,48
204,249,52
205,234,52
206,251,48
207,222,49
208,244,52
209,234,49
210,246,49
211,234,46
212,231,49
213,224,51
214,249,51
215,247,53
216,242,51
217,226,55
218,238,55
219,219,53
220,231,51
221,270,52
222,231,50
223,236,54
224,249,50
225,225,48
226,254,52
227,239,52
228,257,49
229,286,56
230,233,49
231,234,53
232,225,51
233,246,46
234,259,53
235,216,45
236,247,50
237,226,51
238,225,49
239,219,50
240,222,48
241,229,52
242,231,49
243,228,45
244,226,50
245,242,52
246,259,50
247,230,50
248,237,52
249,243,55
250,244,52
251,231,46
252,238,50
253,230,48
254,258,52
255,221,47
256,224,48
257,228,51
258,232,53
259,232,50
260,234,48
261,235,47
262,236,52
263,230,51
264,225,48
265,251,47
266,250,51
267,247,51
268,243,51
269,232,48
270,247,49
271,214,49
272,216,49
273,240,51
274,260,54
275,242,52
276,241,53
277,219,49
278,247,50
279,216,49
280,230,51
281,255,49
282,234,50
283,236,51
284,248,55
285,237,51
286,237,52
287,235,49
288,224,48
289,234,52
290,232,48
291,221,53
292,288,56
293,281,55
294,240,47
295,239,48
296,225,46
297,242,48
298,234,50
299,264,51
300,223,48
301,253,52
302,249,50
303,257,50
304,231,50
305,249,50
306,264,51
307,215,45
308,234,50
309,218,51
310,240,50
311,241,48
312,240,47
313,226,47
314,256,54
315,227,53
316,225,51
317,249,50
318,230,49
319,227,50
320,238,49
321,230,48
322,224,47
323,229,46
324,257,52
325,224,47
326,240,52
327,229,51
328,237,50
329,221,50
330,218,50
331,247,49
332,247,49
333,260,51
334,225,54
335,230,49
336,231,52
337,239,51
338,231,51
339,237,51
340,230,51
341,252,51
342,226,47
343,231,53
344,224,44
345,236,51
346,233,50
347,258,52
348,245,51
349,244,51
350,233,46
351,256,53
352,250,53
353,236,51
354,259,52
355,217,48
356,252,51
357,248,48
358,213,47
359,244,52
360,245,48
361,217,48
362,232,50
363,261,50
364,247,55
365,264,56
366,220,46
367,241,50
368,235,50
369,244,48
370,228,49
371,248,48
372,239,51
373,231,50
374,249,49
375,237,48
376,231,49
377,236,51
378,236,52
379,223,46
380,251,50
381,220,46
382,265,51
383,270,52
384,242,51
385,248,51
386,263,53
387,262,56
388,252,49
389,245,51
390,241,48
391,226,50
392,225,52
393,232,48
394,219,47
395,220,47
396,222,48
397,235,51
398,239,53
399,226,47
400,233,50
401,236,51
402,264,53
403,245,50
404,229,49
405,245,49
406,270,52
407,267,54
408,225,48
409,234,50
410,220,48
411,229,53
412,243,50
413,237,48
414,224,48
415,238,53
416,262,54
417,237,49
418,237,47
419,217,52
420,227,51
421,228,48
422,252,53
423,229,50
424,213,46
425,236,50
426,243,51
427,243,47
428,258,52
429,237,49
430,219,46
431,235,49
432,240,54
433,270,53
434,214,47
435,267,55
436,238,49
437,221,54
438,242,48
439,208,47
440,209,49
441,255,54
442,252,54
443,227,48
444,228,50
445,219,49
446,227,52
447,226,47
448,257,52
449,250,51
450,235,48
451,239,52
452,252,48
453,265,57
454,243,53
455,219,48
456,229,51
457,217,49
458,238,51
459,249,52
460,258,54
461,237,48
462,263,53
463,241,51
464,210,52
465,228,46
466,239,49
467,244,50
468,234,50
469,256,53
470,237,50
471,220,50
472,223,47
473,217,49
474,217,47
475,241,50
476,244,52
477,256,57
478,239,50
479,250,50
480,214,46
481,230,49
482,210,50
483,229,49
484,231,48
485,231,53
486,264,51
487,226,51
488,252,52
489,242,52
490,254,51
491,229,53
492,240,51
493,256,52
494,237,49
495,241,52
496,255,52
497,241,51
498,269,53
499,233,51
500,219,47
501,238,53
502,211,49
503,259,50
504,237,51
505,239,49
506,219,48
507,235,50
508,218,47
509,278,50
510,259,51
511,235,48
512,243,50
513,248,51
514,253,47
515,230,49
516,246,49
517,250,53
518,245,51
519,243,50
520,265,56
521,227,49
522,235,49
523,237,50
524,227,49
525,239,51
526,253,51
527,255,54
528,243,52
529,226,50
530,214,48
531,256,53
532,236,50
533,231,55
534,228,50
535,237,52
536,234,49
537,247,48
538,249,50
539,243,52
540,237,48
541,232,50
542,226,46
543,254,51
544,264,52
545,220,50
546,257,51
547,251,51
548,241,52
549,261,52
550,228,51
551,228,49
552,248,51
553,232,52
554,225,52
555,219,50
556,239,49
557,237,50
558,229,48
559,236,48
560,239,54
561,261,52
562,255,50
563,257,52
564,249,53
565,235,47
566,246,47
567,243,52
568,221,48
569,223,51
570,223,52
571,240,52
572,271,55
573,242,51
574,255,52
575,244,49
576,237,51
577,251,55
578,231,47
579,220,47
580,250,54
581,230,51
582,227,48
583,251,52
584,242,51
585,231,51
586,249,49
587,238,51
588,228,46
589,231,50
590,233,47
591,248,50
592,217,53
593,246,49
594,234,48
595,260,50
596,232,52
597,230,53
598,236,48
599,245,54
600,234,53
601,249,53
602,242,52
603,249,53
604,235,49
605,246,49
606,232,50
607,230,50
608,218,47
609,248,50
610,238,50
611,231,51
612,273,54
613,257,49
614,273,53
615,246,53
616,232,48
617,247,53
618,251,53
619,237,48
620,255,51
621,244,50
622,255,52
623,240,54
624,223,51
625,217,45
626,234,49
627,221,50
628,228,49
629,224,52
630,243,54
631,219,49
632,259,52
633,255,52
634,234,51
635,226,52
636,241,50
637,245,48
638,232,49
639,220,46
640,240,52
641,225,49
642,238,52
643,232,50
644,223,48
645,253,52
646,237,51
647,244,48
648,241,51
649,235,51
650,240,52
651,246,50
652,248,51
653,249,53
654,219,48
655,251,50
656,241,48
657,259,50
658,253,52
659,237,49
660,231,50
661,241,54
662,218,51
663,233,50
664,246,51
665,236,52
666,236,52
667,234,48
668,213,46
669,243,52
670,251,49
671,235,50
672,229,49
673,238,50
674,209,46
675,239,49
676,234,54
677,218,48
678,245,55
679,229,50
680,231,48
681,238,49
682,240,50
683,236,52
684,231,51
685,236,53
686,230,50
687,256,51
688,242,51
689,217,50
690,235,53
691,238,49
692,220,48
693,250,52
694,231,50
695,232,51
696,251,50
697,247,49
698,217,47
699,234,50
700,270,54
701,238,49
702,225,49
703,257,52
704,248,52
705,262,53
706,276,53
707,254,52
708,241,50
709,228,51
710,245,52
711,231,47
712,225,52
713,232,49
714,226,51
715,247,49
716,239,48
717,229,47
718,233,50
719,229,49
720,222,49
721,229,49
722,273,53
723,225,48
724,231,50
725,219,46
726,235,50
727,231,50
728,213,46
729,224,47
730,249,50
731,252,49
732,220,49
733,228,50
734,255,51
735,244,53
736,271,55
737,250,52
738,239,50
739,211,49
740,231,48
741,250,51
742,263,51
743,247,49
744,244,52
745,238,52
746,228,49
747,252,49
748,258,52
749,261,56
750,234,49
751,226,48
752,244,50
753,237,51
754,238,49
755,241,52
756,224,48
757,228,51
758,238,49
759,231,48
760,260,53
761,242,49
762,219,50
763,234,52
764,271,54
765,225,49
766,245,51
767,237,51
768,250,51
769,245,52
770,276,53
771,221,51
772,211,46
773,231,50
774,240,51
775,215,48
776,221,50
777,220,48
778,228,49
779,247,52
780,233,51
781,221,48
782,224,48
783,240,52
784,225,48
785,269,56
786,244,49
787,236,51
788,256,53
789,263,53
790,241,48
791,230,52
792,220,50
793,236,46
794,230,51
795,239,51
796,251,53
797,225,49
798,255,52
799,251,56
800,254,48
801,273,55
802,238,51
803,236,51
804,221,52
805,227,49
806,251,51
807,212,48
808,248,52
809,238,51
810,217,48
811,265,54
812,240,50
813,250,50
814,253,51
815,250,49
816,226,52
817,259,53
818,214,45
819,238,49
820,212,46
821,239,51
822,233,50
823,243,50
824,237,48
825,243,52
826,244,52
827,255,51
828,256,55
829,225,49
830,239,50
831,220,47
832,216,47
833,254,54
834,220,46
835,275,55
836,248,50
837,255,54
838,241,53
839,238,51
840,263,54
841,260,52
842,239,53
843,241,53
844,228,47
845,280,54
846,217,49
847,236,51
848,235,54
849,256,52
850,232,52
851,255,49
852,223,49
853,258,52
854,244,50
855,245,52
856,237,52
857,260,53
858,244,52
859,229,51
860,240,51
861,244,51
862,249,51
863,269,51
864,257,52
865,248,51
866,236,53
867,256,52
868,246,48
869,228,48
870,219,49
871,246,52
872,219,51
873,223,48
874,262,50
875,265,52
876,224,48
877,263,52
878,245,51
879,233,50
880,258,53
881,251,50
882,235,53
883,225,53
884,244,54
885,242,51
886,235,52
887,223,49
888,267,53
889,226,48
890,214,48
891,236,52
892,243,55
893,227,50
894,241,50
895,243,49
896,228,48
897,238,54
898,240,47
899,234,48
900,222,48
901,226,51
902,234,50
903,240,50
904,230,49
905,245,52
906,267,53
907,232,50
908,234,49
909,229,53
910,240,53
911,226,50
912,224,49
913,272,53
914,218,48
915,241,48
916,234,49
917,225,48
918,233,51
919,237,51
920,239,53
921,225,46
922,244,53
923,235,52
924,256,51
925,228,50
926,230,48
927,235,46
928,245,50
929,274,52
930,217,47
931,231,50
932,262,48
933,232,49
934,230,48
935,236,49
936,242,50
937,229,50
938,235,48
939,257,51
940,235,52
941,220,49
942,231,51
943,246,52
944,262,52
945,264,56
946,275,55
947,231,46
948,233,48
949,256,52
950,220,50
951,234,50
952,243,49
953,233,47
954,235,51
955,239,52
956,261,53
957,251,48
958,239,51
959,231,49
960,231,51
961,235,48
962,219,51
963,239,48
964,233,50
965,263,50
966,215,45
967,222,50
968,253,53
969,234,48
970,248,51
971,238,54
972,233,48
973,239,53
974,250,50
975,229,49
976,250,49
977,229,50
978,263,55
979,225,50
980,237,51
981,246,52
982,252,51
983,227,51
984,224,50
985,250,54
986,265,53
987,233,50
988,240,48
989,252,52
990,218,50
991,236,50
992,242,51
993,234,51
994,237,52
995,225,50
996,246,51
997,248,53
998,214,51
999,244,54
1000,252,49
1001,237,53
1002,233,49
1003,240,48
1004,228,52
1005,236,49
1006,252,55
1007,236,49
1008,253,50
1009,236,48
1010,220,54
1011,221,48
1012,252,48
1013,222,46
1014,231,48
1015,236,49
1016,250,50
1017,238,51
1018,225,49
1019,250,53
1020,236,50
1021,249,51
1022,236,52
1023,226,46
1024,248,52
1025,240,50
1026,238,51
1027,255,52
1028,246,54
1029,229,49
1030,219,49
1031,226,50
1032,251,49
1033,242,50
1034,226,49
1035,251,48
1036,250,51
1037,231,47
1038,239,49
1039,247,53
1040,253,51
1041,252,51
1042,245,53
1043,258,53
1044,240,50
1045,234,49
1046,225,48
1047,246,51
1048,222,51
1049,248,52
1050,239,49
1051,252,51
1052,252,50
1053,257,52
1054,217,48
1055,258,53
1056,225,44
1057,234,50
1058,262,53
1059,246,54
1060,256,50
1061,236,50
1062,223,48
1063,227,50
1064,234,53
1065,232,48
1066,247,53
1067,264,53
1068,253,50
1069,246,47
1070,253,53
1071,241,47
1072,250,49
1073,270,50
1074,253,53
1075,222,48
1076,234,52
1077,230,49
1078,246,47
1079,219,46
1080,249,52
1081,221,51
1082,234,50
1083,256,53
1084,256,51
1085,235,49
1086,217,50
1087,248,52
1088,246,50
1089,251,51
1090,235,52
1091,236,50
1092,233,48
1093,227,48
1094,268,53
1095,262,54
1096,231,51
1097,218,51
1098,245,51
1099,214,45
1100,266,53
1101,239,49
1102,242,53
1103,237,51
1104,238,52
1105,257,53
1106,241,48
1107,234,52
1108,233,52
1109,236,54
1110,230,49
1111,218,50
1112,251,49
1113,235,50
1114,245,53
1115,237,52
1116,245,47
1117,208,49
1118,209,46
1119,220,51
1120,233,49
1121,248,50
1122,236,53
1123,233,50
1124,242,51
1125,243,49
1126,253,51
1127,242,48
1128,235,50
1129,242,49
1130,236,49
1131,231,48
1132,216,49
1133,229,51
1134,269,56
1135,236,51
1136,227,48
1137,235,48
1138,231,49
1139,247,51
1140,225,49
1141,261,51
1142,260,50
1143,228,47
1144,228,48
1145,239,47
1146,239,53
1147,219,50
1148,254,50
1149,227,49
1150,254,51
1151,226,47
1152,237,47
1153,237,49
1154,226,51
1155,255,49
1156,239,51
1157,260,52
1158,245,53
1159,241,49
1160,220,49
1161,225,48
1162,229,47
1163,279,54
1164,227,47
1165,241,50
1166,261,52
1167,246,51
1168,244,48
1169,252,50
1170,243,52
1171,235,52
1172,239,51
1173,234,51
1174,227,50
1175,231,49
1176,231,52
1177,241,48
1178,232,46
1179,237,50
1180,248,49
1181,267,52
1182,218,46
1183,235,49
1184,224,48
1185,226,48
1186,238,51
1187,231,48
1188,267,52
1189,236,50
1190,247,52
1191,227,47
1192,256,50
1193,240,49
1194,233,47
1195,233,51
1196,252,52
1197,230,48
1198,230,48
1199,236,52
1200,241,53
1201,232,53
1202,219,48
1203,237,49
1204,268,49
1205,262,50
1206,245,49
1207,213,45
1208,233,52
1209,239,52
1210,223,48
1211,221,50
1212,254,54
1213,231,49
1214,274,54
1215,240,51
1216,218,49
1217,235,53
1218,209,51
1219,252,54
1220,218,45
1221,254,53
1222,259,54
1223,235,49
1224,260,53
1225,224,50
1226,231,53
1227,222,50
1228,232,49
1229,207,48
1230,236,50
1231,233,47
1232,232,50
1233,238,47
1234,245,50
1235,248,51
1236,217,47
1237,258,50
1238,215,45
1239,258,51
1240,254,52
1241,236,49
1242,225,49
1243,225,48
1244,218,47
1245,233,49
1246,235,54
1247,236,49
1248,225,48
1249,255,52
1250,252,48
1251,218,52
1252,231,50
1253,256,53
1254,252,54
1255,239,50
1256,222,48
1257,235,51
1258,232,50
1259,241,52
1260,265,54
1261,238,51
1262,224,50
1263,215,49
1264,210,48
1265,219,50
1266,214,48
1267,253,51
1268,229,49
1269,234,48
1270,241,50
1271,257,50
1272,234,49
1273,219,50
1274,230,51
1275,216,49
1276,250,54
1277,215,50
1278,238,47
1279,229,49
1280,260,53
1281,243,51
1282,237,51
1283,256,49
1284,239,52
1285,259,53
1286,228,49
1287,232,51
1288,248,53
1289,250,52
1290,218,50
1291,231,51
1292,240,50
1293,218,52
1294,221,50
1295,236,50
1296,229,50
1297,248,50
1298,234,48
1299,228,46
1300,258,52
1301,231,48
1302,228,49
1303,239,48
1304,248,47
1305,256,52
1306,242,53
1307,237,49
1308,241,54
1309,219,49
1310,220,49
1311,230,50
1312,229,48
1313,210,47
1314,225,49
1315,235,51
1316,235,46
1317,246,48
1318,226,47
1319,253,52
1320,269,54
1321,233,51
1322,255,50
1323,248,51
1324,211,50
1325,244,48
1326,258,50
1327,226,48
1328,228,49
1329,275,55
1330,231,49
1331,227,48
1332,240,53
1333,227,49
1334,249,52
1335,251,55
1336,229,52
1337,262,51
1338,236,51
1339,232,50
1340,226,52
1341,241,50
1342,223,50
1343,245,50
1344,258,54
1345,235,50
1346,222,48
1347,255,52
1348,245,49
1349,228,52
1350,211,47
1351,241,54
1352,250,54
1353,245,53
1354,237,51
1355,241,51
1356,227,52
1357,238,55
1358,231,49
1359,245,52
1360,230,48
1361,227,51
1362,250,51
1363,227,47
1364,234,50
1365,214,51
1366,223,49
1367,234,52
1368,224,47
1369,227,52
1370,232,51
1371,231,50
1372,264,53
1373,219,50
1374,245,49
1375,248,51
1376,235,50
1377,228,52
1378,279,54
1379,225,49
1380,291,57
1381,237,51
1382,257,49
1383,237,51
1384,244,52
1385,245,50
1386,248,50
1387,261,52
1388,239,52
1389,227,50
1390,246,48
1391,236,53
1392,254,53
1393,219,49
1394,242,51
1395,225,49
1396,215,47
1397,214,50
1398,239,49
1399,236,51
1400,247,51
1401,252,51
1402,220,46
1403,236,53
1404,242,51
1405,248,49
1406,240,50
1407,234,48
1408,224,51
1409,224,49
1410,231,49
1411,230,49
1412,222,48
1413,230,48
1414,254,52
1415,271,54
1416,244,52
1417,225,52
1418,240,49
1419,242,53
1420,225,51
1421,233,47
1422,218,48
1423,267,54
1424,221,46
1425,227,52
1426,228,51
1427,231,51
1428,232,50
1429,246,52
1430,254,54
1431,221,48
1432,262,55
1433,235,49
1434,225,51
1435,214,47
1436,234,49
1437,235,48
1438,249,51
1439,250,51
1440,236,49
1441,251,51
1442,238,50
1443,234,55
1444,230,53
1445,232,51
1446,238,45
1447,257,51
1448,227,48
1449,218,48
1450,226,52
1451,230,48
1452,272,52
1453,235,48
1454,263,48
1455,209,50
1456,219,51
1457,227,52
1458,233,51
1459,234,53
1460,251,53
1461,236,50
1462,234,47
1463,231,47
1464,260,52
1465,238,52
1466,241,48
1467,223,48
1468,226,47
1469,234,52
1470,219,49
1471,269,53
1472,250,50
1473,253,55
1474,220,47
1475,228,49
1476,220,48
1477,236,53
1478,230,49
1479,239,47
1480,249,54
1481,262,56
1482,227,49
1483,224,49
1484,237,51
1485,233,49
1486,217,49
1487,254,53
1488,235,48
1489,216,48
1490,237,52
1491,246,46
1492,245,53
1493,242,54
1494,242,51
1495,237,50
1496,238,52
1497,245,52
1498,240,51
1499,242,50
1500,218,50
1501,236,49
1502,248,52
1503,238,49
1504,264,51
1505,243,49
1506,244,51
1507,268,51
1508,228,49
1509,248,51
1510,246,54
1511,237,51
1512,245,54
1513,268,52
1514,241,47
1515,232,46
1516,226,52
1517,258,49
1518,231,52
1519,234,52
1520,241,52
1521,256,55
1522,240,54
1523,224,53
1524,239,53
1525,222,49
1526,218,51
1527,253,54
1528,248,48
1529,241,52
1530,229,49
1531,253,53
1532,238,47
1533,237,50
1534,234,52
1535,250,50
1536,259,52
1537,221,49
1538,240,53
1539,245,48
1540,225,49
1541,224,47
1542,264,54
1543,243,52
1544,229,49
1545,230,53
1546,246,48
1547,227,48
1548,237,48
1549,231,51
1550,231,51
1551,227,50
1552,248,56
1553,264,50
1554,245,52
1555,213,48
1556,230,54
1557,219,50
1558,240,52
1559,235,48
1560,242,50
1561,230,53
1562,239,48
1563,224,49
1564,236,49
1565,225,49
1566,234,51
1567,245,50
1568,228,49
1569,240,50
1570,246,51
1571,234,47
1572,250,52
1573,260,50
1574,245,52
1575,254,52
1576,224,48
1577,240,52
1578,243,47
1579,246,51
1580,250,55
1581,216,44
1582,243,51
1583,222,50
1584,241,53
1585,230,50
1586,257,52
1587,221,48
1588,221,48
1589,250,50
1590,244,52
1591,237,48
1592,230,53
1593,234,49
1594,230,51
1595,229,50
1596,246,52
1597,248,50
1598,237,46
1599,266,52
1600,264,52
1601,228,50
1602,280,52
1603,268,53
1604,234,50
1605,246,49
1606,222,47
1607,237,53
1608,262,52
1609,241,51
1610,236,53
1611,251,52
1612,239,50
1613,232,50
1614,239,51
1615,286,53
1616,270,49
1617,243,49
1618,247,49
1619,216,49
1620,225,48
1621,248,53
1622,223,48
1623,226,50
1624,248,50
1625,227,51
1626,236,47
1627,255,53
1628,238,49
1629,230,49
1630,222,52
1631,240,47
1632,234,47
1633,245,51
1634,240,51
1635,233,50
1636,260,51
1637,229,49
1638,232,53
1639,281,56
1640,248,50
1641,240,48
1642,275,54
1643,239,48
1644,222,45
1645,230,49
1646,231,50
1647,232,53
1648,252,54
1649,251,49
1650,261,48
1651,260,51
1652,238,49
1653,237,51
1654,223,48
1655,224,51
1656,255,53
1657,236,53
1658,240,49
1659,246,51
1660,259,55
1661,256,54
1662,229,50
1663,249,52
1664,218,50
1665,245,50
1666,260,48
1667,241,51
1668,243,51
1669,223,48
1670,232,50
1671,232,49
1672,235,53
1673,223,52
1674,257,54
1675,230,53
1676,241,51
1677,215,50
1678,260,50
1679,256,54
1680,237,48
1681,257,52
1682,243,52
1683,221,46
1684,227,50
1685,227,51
1686,264,49
1687,232,50
1688,236,49
1689,274,52
1690,241,49
1691,248,53
1692,241,52
1693,239,53
1694,222,50
1695,267,53
1696,271,50
1697,234,52
1698,243,52
1699,296,53
1700,246,50
1701,247,52
1702,234,51
1703,240,50
1704,227,48
1705,227,48
1706,242,51
1707,220,48
1708,235,54
1709,258,52
1710,268,50
1711,267,50
1712,245,51
1713,224,48
1714,240,52
1715,208,49
1716,249,51
1717,225,48
1718,239,51
1719,247,48
1720,260,50
1721,232,49
1722,228,51
1723,222,48
1724,249,50
1725,255,49
1726,222,50
1727,257,55
1728,246,53
1729,242,48
1730,229,48
1731,234,51
1732,236,46
1733,252,52
1734,246,51
1735,220,49
1736,228,50
1737,245,52
1738,243,50
1739,265,54
1740,232,50
1741,248,49
1742,257,51
1743,234,50
1744,245,51
1745,240,52
1746,238,49
1747,234,49
1748,222,47
1749,251,50
1750,249,52
1751,264,51
1752,240,46
1753,232,51
1754,238,50
1755,228,54
1756,217,47
1757,234,51
1758,254,55
1759,244,52
1760,239,53
1761,232,52
1762,218,49
1763,241,52
1764,214,47
1765,237,48
1766,243,50
1767,265,49
1768,230,50
1769,227,48
1770,252,54
1771,249,50
1772,232,50
1773,241,49
1774,230,47
1775,237,52
1776,233,47
1777,240,50
1778,221,46
1779,243,51
1780,233,50
1781,228,50
1782,240,49
1783,251,49
1784,240,51
1785,236,52
1786,232,53
1787,259,53
1788,273,56
1789,225,50
1790,241,52
1791,226,47
1792,232,50
1793,214,46
1794,231,49
1795,237,50
1796,253,51
1797,248,54
1798,226,49
1799,244,53
1800,224,49
1801,231,49
1802,219,50
1803,259,52
1804,232,50
1805,225,48
1806,274,53
1807,253,49
1808,246,50
1809,241,54
1810,243,54
1811,220,49
1812,233,51
1813,226,51
1814,232,48
1815,244,50
1816,252,51
1817,237,48
1818,220,49
1819,236,50
1820,241,52
1821,255,48
1822,219,48
1823,236,50
1824,237,50
1825,250,53
1826,249,54
1827,239,50
1828,221,49
1829,251,49
1830,245,54
1831,249,48
1832,232,50
1833,240,48
1834,241,50
1835,254,53
1836,247,50
1837,221,49
1838,263,48
1839,262,52
1840,221,46
1841,263,53
1842,238,51
1843,231,51
1844,242,52
1845,267,47
1846,233,48
1847,242,51
1848,218,48
1849,253,56
1850,238,51
1851,233,48
1852,229,52
1853,256,54
1854,249,52
1855,229,52
1856,239,48
1857,247,51
1858,229,49
1859,246,49
1860,221,50
1861,224,47
1862,223,48
1863,244,48
1864,257,50
1865,242,50
1866,260,49
1867,243,51
1868,248,49
1869,228,49
1870,239,51
1871,221,50
1872,255,55
1873,254,51
1874,205,44
1875,254,51
1876,240,49
1877,240,50
1878,234,50
1879,242,52
1880,259,53
1881,236,49
1882,246,52
1883,241,50
1884,233,49
1885,249,50
1886,231,48
1887,236,45
1888,247,49
1889,254,51
1890,259,54
1891,267,52
1892,249,50
1893,250,49
1894,245,53
1895,241,53
1896,254,53
1897,217,44
1898,251,53
1899,212,50
1900,236,52
1901,240,51
1902,241,52
1903,219,49
1904,232,51
1905,253,50
1906,226,50
1907,233,49
1908,235,52
1909,255,54
1910,237,49
1911,251,54
1912,238,48
1913,222,45
1914,221,50
1915,249,55
1916,258,50
1917,255,52
1918,245,51
1919,226,48
1920,228,51
1921,221,51
1922,243,50
1923,228,49
1924,242,50
1925,220,50
1926,231,49
1927,242,53
1928,231,51
1929,226,49
1930,216,48
1931,252,53
1932,236,52
1933,233,48
1934,238,52
1935,240,52
1936,237,49
1937,228,48
1938,245,50
1939,249,52
1940,243,53
1941,236,49
1942,254,52
1943,231,49
1944,220,45
1945,236,52
1946,257,52
1947,232,51
1948,242,54
1949,224,47
1950,238,50
1951,260,50
1952,227,51
1953,255,49
1954,235,52
1955,240,50
1956,216,49
1957,240,50
1958,208,48
1959,252,51
1960,250,53
1961,238,51
1962,242,56
1963,225,47
1964,223,49
1965,231,50
1966,250,50
1967,245,51
1968,222,50
1969,234,49
1970,253,53
1971,256,49
1972,238,52
1973,230,50
1974,233,52
1975,238,50
1976,245,49
1977,234,52
1978,235,48
1979,226,49
1980,226,50
1981,239,50
1982,249,51
1983,206,47
1984,222,48
1985,233,50
1986,220,49
1987,243,51
1988,239,51
1989,238,49
1990,269,52
1991,233,49
1992,216,45
1993,224,49
1994,230,50
1995,255,49
1996,242,49
1997,266,56
1998,223,49
1999,235,51
2000,241,50
2001,230,50
2002,243,50
2003,220,49
2004,246,48
2005,248,48
2006,229,50
2007,245,52
2008,231,49
2009,221,50
2010,228,52
2011,248,53
2012,269,51
2013,228,47
2014,229,50
2015,255,53
2016,221,49
2017,227,49
2018,244,54
2019,253,51
2020,225,44
2021,244,53
2022,219,49
2023,234,51
2024,225,48
2025,263,53
2026,239,51
2027,239,49
2028,242,49
2029,263,52
2030,235,52
2031,221,47
2032,230,49
2033,251,53
2034,244,51
2035,242,49
2036,231,48
2037,272,58
2038,224,50
2039,225,44
2040,241,50
2041,250,51
2042,230,53
2043,232,49
2044,238,51
2045,247,51
2046,232,48
2047,235,52
2048,223,48
2049,226,49
2050,275,51
2051,218,47
2052,237,49
2053,226,46
2054,228,50
2055,220,48
2056,242,50
2057,267,56
2058,257,54
2059,218,49
2060,237,50
2061,220,48
2062,226,49
2063,234,54
2064,249,51
2065,219,51
2066,243,53
2067,230,50
2068,244,49
2069,226,48
2070,271,50
2071,245,50
2072,237,50
2073,271,56
2074,237,48
2075,246,50
2076,214,45
2077,234,50
2078,249,54
2079,247,52
2080,243,51
2081,229,48
2082,236,52
2083,240,54
2084,247,51
2085,238,53
2086,237,47
2087,232,53
2088,223,50
2089,229,49
2090,231,50
2091,237,45
2092,226,51
2093,237,52
2094,238,50
2095,258,55
2096,255,50
2097,249,55
2098,227,49
2099,236,51
2100,231,50
2101,242,52
2102,235,51
2103,220,47
2104,243,50
2105,241,51
2106,217,47
2107,231,52
2108,226,47
2109,238,51
2110,237,51
2111,231,48
2112,235,49
2113,260,55
2114,239,50
2115,259,47
2116,254,51
2117,218,49
2118,238,50
2119,228,45
2120,237,51
2121,232,51
2122,242,51
2123,231,50
2124,240,52
2125,240,49
2126,277,56
2127,238,51
2128,262,51
2129,240,52
2130,235,50
2131,273,52
2132,229,51
2133,225,51
2134,246,50
2135,246,50
2136,220,47
2137,211,47
2138,233,49
2139,227,49
2140,254,50
2141,227,48
2142,221,48
2143,231,49
2144,224,50
2145,211,50
2146,269,50
2147,267,54
2148,235,52
2149,242,51
2150,226,48
2151,215,48
2152,252,52
2153,219,48
2154,239,50
2155,260,52
2156,246,51
2157,240,55
2158,240,51
2159,227,49
2160,223,52
2161,237,51
2162,228,49
2163,221,46
2164,264,50
2165,245,52
2166,240,51
2167,223,46
2168,219,49
2169,242,51
2170,222,47
2171,248,52
2172,214,48
2173,222,50
2174,230,52
2175,232,52
2176,214,48
2177,249,51
2178,252,51
2179,226,51
2180,261,53
2181,261,52
2182,233,53
2183,212,50
2184,244,49
2185,246,48
2186,260,52
2187,247,51
2188,253,52
2189,238,47
2190,208,48
2191,228,46
2192,230,51
2193,219,48
2194,227,47
2195,230,52
2196,217,48
2197,226,49
2198,252,50
2199,229,47
2200,228,49
2201,257,48
2202,247,53
2203,239,53
2204,232,53
2205,230,48
2206,231,52
2207,248,52
2208,228,50
2209,260,48
2210,237,49
2211,251,51
2212,245,48
2213,255,51
2214,258,50
2215,226,51
2216,238,53
2217,273,54
2218,224,49
2219,239,50
2220,241,50
2221,223,49
2222,247,51
2223,257,48
2224,273,53
2225,227,47
2226,258,53
2227,236,49
2228,218,50
2229,222,52
2230,231,48
2231,233,46
2232,237,49
2233,247,48
2234,248,51
2235,232,51
2236,233,51
2237,250,50
2238,281,53
2239,233,45
2240,206,47
2241,228,53
2242,229,50
2243,247,54
2244,245,52
2245,215,46
2246,230,50
2247,252,52
2248,243,52
2249,244,52
2250,236,54
2251,236,51
2252,242,52
2253,249,50
2254,243,49
2255,248,51
2256,221,48
2257,239,52
2258,225,49
2259,230,49
2260,253,53
2261,256,51
2262,239,50
2263,232,47
2264,232,49
2265,216,48
2266,231,47
2267,225,48
2268,221,47
2269,224,46
2270,236,48
2271,235,48
2272,249,52
2273,244,49
2274,244,50
2275,228,51
2276,214,47
2277,257,54
2278,223,49
2279,276,53
2280,267,53
2281,220,52
2282,254,51
2283,240,53
2284,241,52
2285,235,49
2286,234,50
2287,280,54
2288,237,50
2289,223,50
2290,226,49
2291,241,50
2292,242,51
2293,230,50
2294,237,49
2295,237,51
2296,251,50
2297,247,50
2298,252,49
2299,214,45
2300,214,45
2301,254,54
2302,249,47
2303,239,52
2304,268,52
2305,227,49
2306,262,52
2307,234,52
2308,218,50
2309,240,50
2310,211,48
2311,202,44
2312,263,53
2313,244,48
2314,229,51
2315,219,50
2316,220,49
2317,251,51
2318,253,52
2319,223,47
2320,224,50
2321,243,51
2322,239,50
2323,228,49
2324,244,52
2325,234,49
2326,256,55
2327,278,54
2328,226,50
2329,233,52
2330,244,51
2331,236,49
2332,239,49
2333,251,53
2334,257,49
2335,231,48
2336,218,49
2337,254,50
2338,234,51
2339,225,48
2340,209,48
2341,256,52
2342,214,47
2343,227,50
2344,270,49
2345,237,53
2346,243,52
2347,233,51
2348,227,52
2349,254,51
2350,239,47
2351,232,51
2352,272,56
2353,213,49
2354,225,49
2355,228,48
2356,239,49
2357,227,48
2358,258,50
2359,250,54
2360,234,51
2361,223,49
2362,233,52
2363,247,53
2364,256,54
2365,231,51
2366,247,52
2367,231,47
2368,248,49
2369,238,49
2370,226,51
2371,242,53
2372,227,48
2373,242,48
2374,236,52
2375,222,47
2376,212,47
2377,284,55
2378,257,52
2379,236,51
2380,241,49
2381,264,54
2382,244,53
2383,242,50
2384,233,53
2385,232,49
2386,230,48
2387,236,48
2388,220,45
2389,257,56
2390,242,51
2391,225,48
2392,242,51
2393,234,50
2394,206,50
2395,245,51
2396,236,48
2397,253,52
2398,237,50
2399,226,50
2400,232,49
2401,270,57
2402,243,47
2403,237,49
2404,235,51
2405,231,49
2406,240,50
2407,233,48
2408,235,49
2409,234,53
2410,233,52
2411,231,50
2412,234,49
2413,237,50
2414,251,54
2415,253,56
2416,243,51
2417,233,53
2418,225,50
2419,261,55
2420,236,49
2421,221,46
2422,231,46
2423,221,51
2424,227,51
2425,225,47
2426,242,51
2427,218,46
2428,216,46
2429,203,49
2430,267,52
2431,246,54
2432,227,50
2433,233,50
2434,227,51
2435,250,53
2436,244,51
2437,228,47
2438,225,50
2439,236,47
2440,237,51
2441,224,50
2442,256,53
2443,233,49
2444,232,51
2445,225,48
2446,221,47
2447,242,50
2448,229,52
2449,246,49
2450,237,52
2451,211,46
2452,220,47
2453,250,51
2454,242,49
2455,259,54
2456,239,52
2457,254,53
2458,228,49
2459,249,53
2460,218,49
2461,237,50
2462,220,48
2463,228,48
2464,234,53
2465,233,51
2466,229,47
2467,241,49
2468,250,50
2469,218,48
2470,228,52
2471,243,50
2472,229,50
2473,238,48
2474,230,52
2475,240,48
2476,261,53
2477,272,51
2478,225,49
2479,244,51
2480,236,49
2481,279,56
2482,247,52
2483,233,48
2484,244,49
2485,254,49
2486,229,48
2487,237,50
2488,235,50
2489,239,49
2490,219,46
2491,225,50
2492,233,50
2493,260,49
2494,237,54
2495,243,52
2496,241,52
2497,235,47
2498,236,50
2499,204,43
2500,244,51
2501,245,51
2502,227,48
2503,213,48
2504,268,51
2505,281,54
2506,236,49
2507,236,50
2508,232,53
2509,227,52
2510,247,50
2511,243,51
2512,237,53
2513,235,50
2514,213,48
2515,225,51
2516,234,51
2517,259,54
2518,224,48
2519,228,47
2520,240,51
2521,218,48
2522,242,52
2523,225,49
2524,245,51
2525,239,51
2526,232,51
2527,221,50
2528,247,51
2529,244,47
2530,248,52
2531,241,46
2532,246,52
2533,242,52
2534,231,51
2535,253,51
2536,246,53
2537,231,49
2538,235,53
2539,235,49
2540,237,54
2541,226,50
2542,235,49
2543,247,52
2544,219,47
2545,227,47
2546,224,48
2547,224,47
2548,238,51
2549,241,52
2550,233,54
2551,250,52
2552,213,48
2553,236,46
2554,221,47
2555,235,48
2556,229,49
2557,239,48
2558,232,54
2559,232,47
2560,227,51
2561,231,54
2562,277,54
2563,232,50
2564,251,52
2565,283,54
2566,245,50
2567,264,53
2568,237,49
2569,220,48
2570,234,51
2571,232,49
2572,239,49
2573,251,50
2574,237,48
2575,223,49
2576,245,46
2577,246,52
2578,243,48
2579,247,52
2580,231,51
2581,235,50
2582,234,46
2583,254,51
2584,231,49
2585,227,46
2586,231,45
2587,262,56
2588,267,54
2589,219,48
2590,240,48
2591,231,51
2592,213,46
2593,227,49
2594,238,50
2595,220,49
2596,236,47
2597,245,50
2598,226,50
2599,235,49
2600,252,51
2601,243,51
2602,240,51
2603,222,48
2604,268,50
2605,245,51
2606,234,48
2607,234,50
2608,221,48
2609,250,48
2610,242,49
2611,221,47
2612,245,49
2613,228,50
2614,245,50
2615,231,50
2616,227,47
2617,242,48
2618,227,49
2619,231,51
2620,229,49
2621,236,51
2622,238,50
2623,247,50
2624,239,48
2625,240,48
2626,247,49
2627,225,51
2628,233,50
2629,238,47
2630,258,52
2631,237,49
2632,239,50
2633,249,53
2634,214,48
2635,230,49
2636,233,50
2637,268,52
2638,240,52
2639,257,52
2640,245,47
2641,240,52
2642,240,52
2643,257,53
2644,235,51
2645,231,52
2646,237,51
2647,232,50
2648,231,52
2649,245,51
2650,277,52
2651,239,46
2652,248,50
2653,249,52
2654,248,51
2655,227,50
2656,218,48
2657,221,49
2658,220,50
2659,244,53
2660,258,50
2661,264,54
2662,218,47
2663,264,54
2664,235,49
2665,224,51
2666,224,51
2667,245,51
2668,238,49
2669,212,46
2670,240,47
2671,240,47
2672,244,50
2673,227,53
2674,243,49
2675,247,53
2676,225,47
2677,227,49
2678,235,49
2679,209,50
2680,219,50
2681,248,53
2682,225,48
2683,222,45
2684,216,48
2685,245,50
2686,242,53
2687,255,51
2688,230,49
2689,239,47
2690,215,48
2691,255,49
2692,260,50
2693,225,48
2694,256,49
2695,239,51
2696,232,48
2697,220,51
2698,230,50
2699,241,50
2700,233,50
2701,224,49
2702,231,53
2703,225,50
2704,233,48
2705,227,49
2706,247,53
2707,220,51
2708,218,51
2709,231,47
2710,231,50
2711,240,51
2712,236,49
2713,231,49
2714,216,47
2715,215,49
2716,240,51
2717,236,49
2718,227,49
2719,228,48
2720,238,51
2721,225,49
2722,244,50
2723,228,52
2724,228,50
2725,236,52
2726,225,46
2727,232,51
2728,220,48
2729,226,47
2730,261,53
2731,226,50
2732,241,51
2733,232,51
2734,257,51
2735,241,53
2736,246,50
2737,227,52
2738,244,51
2739,242,49
2740,246,50
2741,232,50
2742,233,50
2743,218,50
2744,239,50
2745,250,51
2746,267,55
2747,244,52
2748,224,51
2749,240,55
2750,253,52
2751,220,50
2752,231,51
2753,263,56
2754,226,47
2755,256,49
2756,214,47
2757,237,49
2758,230,52
2759,238,49
2760,241,51
2761,250,52
2762,230,51
2763,228,50
2764,260,53
2765,234,49
2766,234,50
2767,255,51
2768,227,50
2769,235,48
2770,233,48
2771,227,51
2772,253,51
2773,245,55
2774,235,52
2775,231,48
2776,255,49
2777,233,53
2778,267,52
2779,250,52
2780,243,48
2781,211,46
2782,235,49
2783,216,46
2784,239,52
2785,242,50
2786,216,51
2787,269,52
2788,249,51
2789,228,52
2790,235,51
2791,246,52
2792,263,52
2793,215,52
2794,245,48
2795,239,49
2796,231,53
2797,223,48
2798,226,44
2799,246,48
2800,245,50
2801,234,51
2802,268,51
2803,259,51
2804,231,49
2805,245,50
2806,253,51
2807,261,53
2808,226,48
2809,256,52
2810,238,50
2811,227,52
2812,235,47
2813,257,51
2814,275,52
2815,237,48
2816,247,50
2817,229,48
2818,260,52
2819,231,52
2820,234,49
2821,240,51
2822,260,57
2823,238,46
2824,255,51
2825,247,52
2826,236,49
2827,253,48
2828,276,51
2829,220,46
2830,255,54
2831,239,52
2832,220,48
2833,229,48
2834,241,48
2835,260,50
2836,238,52
2837,227,51
2838,251,50
2839,239,49
2840,213,46
2841,247,50
2842,234,49
2843,240,52
2844,236,50
2845,232,48
2846,232,51
2847,249,53
2848,223,52
2849,245,51
2850,250,55
2851,230,50
2852,246,52
2853,235,50
2854,235,52
2855,231,47
2856,234,51
2857,237,51
2858,225,49
2859,219,48
2860,222,48
2861,226,54
2862,230,47
2863,239,52
2864,245,55
2865,228,50
2866,268,51
2867,241,51
2868,227,51
2869,266,53
2870,246,52
2871,231,48
2872,229,48
2873,247,53
2874,224,49
2875,251,50
2876,234,52
2877,246,52
2878,245,50
2879,247,51
2880,262,51
2881,222,49
2882,230,47
2883,241,50
2884,233,47
2885,250,55
2886,256,52
2887,236,50
2888,243,51
2889,239,48
2890,222,46
2891,222,45
2892,241,48
2893,240,52
2894,228,48
2895,220,46
2896,237,53
2897,233,53
2898,240,53
2899,264,49
2900,247,51
2901,228,49
2902,233,51
2903,204,49
2904,217,45
2905,229,51
2906,254,50
2907,239,52
2908,231,50
2909,251,52
2910,235,46
2911,253,54
2912,248,52
2913,239,51
2914,238,52
2915,222,47
2916,259,49
2917,251,54
2918,229,53
2919,231,48
2920,238,49
2921,244,56
2922,226,50
2923,231,48
2924,228,52
2925,233,51
2926,240,51
2927,237,48
2928,226,47
2929,250,52
2930,228,46
2931,214,47
2932,241,51
2933,243,50
2934,245,53
2935,235,48
2936,237,48
2937,231,52
2938,221,48
2939,245,51
2940,258,51
2941,248,51
2942,253,53
2943,245,48
2944,263,52
2945,250,48
2946,235,45
2947,238,50
2948,222,46
2949,221,46
2950,228,47
2951,232,49
2952,263,51
2953,264,53
2954,237,50
2955,220,47
2956,235,48
2957,251,52
2958,221,51
2959,248,54
2960,224,50
2961,230,49
2962,246,54
2963,230,51
2964,256,52
2965,242,52
2966,215,48
2967,220,51
2968,219,49
2969,250,52
2970,227,49
2971,221,51
2972,250,52
2973,247,51
2974,228,50
2975,229,49
2976,235,48
2977,227,49
2978,236,49
2979,213,47
2980,223,47
2981,231,51
2982,232,49
2983,232,52
2984,246,50
2985,229,52
2986,257,56
2987,250,54
2988,236,50
2989,231,50
2990,228,48
2991,233,47
2992,242,52
2993,228,48
2994,232,50
2995,248,53
2996,256,52
2997,239,52
2998,258,56
2999,235,49
3000,232,51
3001,244,51
3002,251,52
3003,254,52
3004,243,50
3005,232,48
3006,220,49
3007,243,53
3008,231,53
3009,243,50
3010,246,53
3011,262,53
3012,225,48
3013,234,53
3014,233,51
3015,239,49
3016,242,48
3017,255,53
3018,224,49
3019,262,52
3020,253,53
3021,262,53
3022,255,49
3023,253,52
3024,256,53
3025,285,54
3026,230,52
3027,261,50
3028,249,52
3029,252,50
3030,227,47
3031,267,57
3032,241,50
3033,222,47
3034,220,45
3035,235,53
3036,229,50
3037,238,49
3038,262,52
3039,240,47
3040,216,47
3041,201,49
3042,224,47
3043,236,50
3044,236,49
3045,241,51
3046,231,50
3047,232,50
3048,227,50
3049,233,48
3050,226,45
3051,221,51
3052,255,52
3053,248,51
3054,244,50
3055,225,48
3056,219,51
3057,242,50
3058,255,54
3059,227,50
3060,241,52
3061,235,49
3062,241,51
3063,230,51
3064,234,50
3065,246,54
3066,259,54
3067,246,51
3068,236,51
3069,232,49
3070,250,55
3071,257,55
3072,213,47
3073,244,50
3074,246,54
3075,243,51
3076,234,51
3077,238,52
3078,220,45
3079,250,50
3080,242,50
3081,229,48
3082,230,54
3083,217,47
3084,273,53
3085,248,53
3086,232,51
3087,219,46
3088,266,54
3089,235,48
3090,239,50
3091,242,50
3092,240,52
3093,229,49
3094,219,46
3095,250,54
3096,237,52
3097,254,52
3098,269,52
3099,222,48
3100,249,52
3101,224,50
3102,232,48
3103,221,47
3104,227,52
3105,243,53
3106,225,45
3107,246,50
3108,244,51
3109,230,50
3110,240,51
3111,239,53
3112,230,51
3113,207,45
3114,234,48
3115,232,51
3116,277,55
3117,251,54
3118,253,54
3119,237,51
3120,211,47
3121,245,49
3122,229,50
3123,219,50
3124,240,53
3125,260,51
3126,233,46
3127,224,49
3128,262,55
3129,206,45
3130,230,49
3131,252,54
3132,245,48
3133,236,54
3134,261,54
3135,246,51
3136,253,49
3137,217,45
3138,221,48
3139,232,51
3140,259,53
3141,211,48
3142,238,51
3143,236,51
3144,227,46
3145,235,52
3146,247,53
3147,241,49
3148,240,52
3149,245,48
3150,232,47
3151,265,50
3152,239,47
3153,245,52
3154,208,47
3155,255,53
3156,262,55
3157,228,47
3158,248,51
3159,237,52
3160,227,51
3161,224,52
3162,223,48
3163,228,49
3164,224,52
3165,234,46
3166,225,51
3167,242,49
3168,239,51
3169,211,48
3170,252,51
3171,240,49
3172,249,50
3173,230,48
3174,254,47
3175,232,54
3176,264,53
3177,234,55
3178,234,50
3179,242,51
3180,254,53
3181,253,57
3182,231,51
3183,264,54
3184,236,48
3185,226,49
3186,235,51
3187,245,52
3188,245,53
3189,251,51
3190,221,48
3191,245,53
3192,245,53
3193,244,54
3194,248,48
3195,233,47
3196,238,52
3197,217,48
3198,250,50
3199,261,52
3200,226,49
3201,235,49
3202,227,47
3203,245,51
3204,212,48
3205,249,48
3206,229,51
3207,261,52
3208,226,47
3209,254,52
3210,238,51
3211,243,48
3212,229,50
3213,234,50
3214,222,51
3215,254,53
3216,235,52
3217,236,50
3218,229,52
3219,251,51
3220,231,49
3221,227,51
3222,228,49
3223,246,50
3224,231,49
3225,238,51
3226,256,52
3227,239,49
3228,251,52
3229,246,57
3230,238,49
3231,234,50
3232,251,49
3233,216,48
3234,242,50
3235,222,49
3236,271,50
3237,245,51
3238,227,50
3239,238,48
3240,243,50
3241,227,47
3242,267,54
3243,243,50
3244,231,54
3245,255,50
3246,254,49
3247,208,48
3248,235,50
3249,243,48
3250,231,52
3251,232,47
3252,223,46
3253,213,52
3254,236,52
3255,230,50
3256,244,50
3257,223,50
3258,245,53
3259,259,52
3260,245,50
3261,225,49
3262,227,50
3263,222,48
3264,237,50
3265,230,52
3266,256,49
3267,269,52
3268,230,47
3269,219,47
3270,220,47
3271,241,49
3272,251,48
3273,230,46
3274,272,51
3275,231,48
3276,218,49
3277,243,48
3278,214,48
3279,225,49
3280,244,56
3281,229,49
3282,244,55
3283,241,49
3284,219,48
3285,216,47
3286,241,50
3287,232,49
3288,226,50
3289,216,49
3290,216,46
3291,243,55
3292,224,50
3293,243,49
3294,216,49
3295,232,49
3296,218,49
3297,243,50
3298,228,52
3299,225,50
3300,266,54
3301,237,46
3302,222,49
3303,248,54
3304,227,49
3305,243,49
3306,239,49
3307,260,51
3308,222,50
3309,235,51
3310,241,54
3311,259,51
3312,253,53
3313,256,54
3314,233,50
3315,247,48
3316,232,52
3317,261,54
3318,233,47
3319,243,51
3320,237,53
3321,220,50
3322,247,49
3323,245,49
3324,251,52
3325,229,50
3326,246,52
3327,242,53
3328,241,51
3329,240,52
3330,245,52
3331,219,51
3332,239,51
3333,221,47
3334,242,53
3335,262,51
3336,263,52
3337,256,51
3338,243,50
3339,228,49
3340,242,52
3341,245,48
3342,221,47
3343,233,49
3344,252,53
3345,245,49
3346,225,49
3347,228,46
3348,252,51
3349,212,47
3350,246,50
3351,225,47
3352,233,49
3353,235,50
3354,247,52
3355,246,50
3356,225,51
3357,224,46
3358,247,53
3359,211,42
3360,226,52
3361,237,50
3362,238,53
3363,259,51
3364,225,48
3365,225,51
3366,238,48
3367,244,50
3368,241,52
3369,255,50
3370,227,52
3371,233,49
3372,250,55
3373,208,49
3374,260,53
3375,246,49
3376,232,50
3377,223,46
3378,216,48
3379,228,48
3380,223,47
3381,256,51
3382,232,48
3383,258,51
3384,251,53
3385,273,55
3386,233,49
3387,226,51
3388,256,53
3389,232,54
3390,225,48
3391,239,50
3392,234,49
3393,228,49
3394,222,47
3395,243,52
3396,220,48
3397,213,50
3398,246,54
3399,210,44
3400,222,48
3401,231,53
3402,244,50
3403,218,46
3404,232,49
3405,244,51
3406,229,51
3407,238,50
3408,223,50
3409,286,53
3410,212,48
3411,219,50
3412,251,51
3413,232,48
3414,227,49
3415,254,54
3416,231,51
3417,235,47
3418,232,50
3419,240,50
3420,227,51
3421,234,49
3422,239,52
3423,238,48
3424,241,53
3425,227,51
3426,230,51
3427,232,50
3428,237,47
3429,249,50
3430,262,55
3431,241,48
3432,239,52
3433,229,50
3434,234,48
3435,240,52
3436,221,47
3437,238,48
3438,229,46
3439,231,52
3440,235,48
3441,238,49
3442,233,49
3443,259,55
3444,229,53
3445,253,53
3446,257,55
3447,250,51
3448,235,52
3449,232,48
3450,245,51
3451,235,53
3452,231,50
3453,217,48
3454,225,45
3455,258,50
3456,253,56
3457,236,51
3458,217,48
3459,221,48
3460,230,49
3461,244,50
3462,232,48
3463,221,49
3464,241,49
3465,236,53
3466,267,52
3467,234,53
3468,222,47
3469,241,52
3470,249,50
3471,228,51
3472,225,50
3473,223,49
3474,240,49
3475,240,51
3476,222,49
3477,231,50
3478,233,48
3479,231,53
3480,221,46
3481,262,52
3482,245,48
3483,227,49
3484,243,49
3485,251,53
3486,220,47
3487,266,52
3488,250,51
3489,256,52
3490,236,51
3491,252,53
3492,250,48
3493,225,50
3494,224,47
3495,252,53
3496,253,54
3497,279,51
3498,231,50
3499,226,51
3500,215,48
3501,228,52
3502,250,46
3503,238,49
3504,238,51
3505,230,48
3506,235,48
3507,241,51
3508,265,55
3509,235,50
3510,220,49
3511,240,50
3512,229,48
3513,229,47
3514,250,52
3515,258,51
3516,239,49
3517,249,52
3518,232,51
3519,236,46
3520,235,51
3521,243,49
3522,239,52
3523,256,50
3524,273,54
3525,242,49
3526,258,54
3527,248,50
3528,237,51
3529,249,51
3530,271,54
3531,247,52
3532,252,52
3533,235,49
3534,245,51
3535,213,48
3536,248,50
3537,254,53
3538,222,51
3539,255,54
3540,228,52
3541,213,51
3542,284,58
3543,232,48
3544,233,50
3545,228,52
3546,216,47
3547,220,49
3548,217,48
3549,222,52
3550,239,50
3551,257,51
3552,252,47
3553,248,48
3554,262,56
3555,254,53
3556,240,48
3557,255,48
3558,233,50
3559,212,49
3560,230,48
3561,215,50
3562,226,53
3563,215,48
3564,225,46
3565,240,52
3566,236,50
3567,229,51
3568,228,51
3569,247,53
3570,239,50
3571,240,52
3572,223,50
3573,243,52
3574,227,49
3575,243,51
3576,259,51
3577,249,52
3578,222,49
3579,222,51
3580,252,54
3581,235,49
3582,248,49
3583,221,51
3584,231,49
3585,241,51
3586,264,49
3587,265,54
3588,259,48
3589,229,50
3590,243,51
3591,252,51
3592,207,49
3593,244,52
3594,243,50
3595,242,50
3596,223,49
3597,207,45
3598,265,51
3599,240,50
3600,248,50
3601,229,50
3602,244,53
3603,238,52
3604,237,51
3605,210,52
3606,227,49
3607,238,52
3608,233,50
3609,221,52
3610,228,46
3611,249,49
3612,258,52
3613,238,51
3614,239,52
3615,219,52
3616,233,50
3617,234,53
3618,243,49
3619,260,52
3620,234,51
3621,217,48
3622,234,49
3623,222,51
3624,249,51
3625,221,49
3626,220,47
3627,235,49
3628,244,51
3629,228,46
3630,233,48
3631,241,51
3632,225,45
3633,220,47
3634,235,51
3635,245,53
3636,247,50
3637,240,51
3638,244,51
3639,231,49
3640,217,48
3641,225,50
3642,225,50
3643,218,48
3644,238,54
3645,224,51
3646,243,52
3647,218,50
3648,252,49
3649,222,51
3650,232,49
3651,233,49
3652,216,47
3653,263,52
3654,226,49
3655,220,49
3656,228,52
3657,229,55
3658,260,55
3659,244,50
3660,233,53
3661,249,51
3662,222,50
3663,233,49
3664,231,51
3665,225,45
3666,245,51
3667,247,52
3668,241,47
3669,225,49
3670,215,46
3671,231,48
3672,229,50
3673,235,49
3674,239,49
3675,258,53
3676,237,48
3677,254,51
3678,228,51
3679,259,53
3680,234,46
3681,237,48
3682,236,51
3683,241,53
3684,217,50
3685,250,51
3686,236,48
3687,213,47
3688,228,49
3689,204,44
3690,240,48
3691,236,47
3692,243,50
3693,266,56
3694,236,50
3695,237,50
3696,221,48
3697,212,47
3698,217,48
3699,233,49
3700,237,50
3701,242,49
3702,257,56
3703,281,55
3704,264,56
3705,243,49
3706,241,52
3707,261,52
3708,235,49
3709,269,52
3710,229,51
3711,224,49
3712,227,49
3713,216,50
3714,236,54
3715,246,49
3716,224,50
3717,238,46
3718,250,53
3719,221,49
3720,226,48
3721,245,51
3722,232,49
3723,240,51
3724,244,52
3725,235,48
3726,258,54
3727,235,52
3728,223,48
3729,240,53
3730,257,49
3731,244,48
3732,220,51
3733,243,46
3734,234,51
3735,219,47
3736,233,51
3737,233,53
3738,229,51
3739,235,48
3740,234,53
3741,253,49
3742,227,49
3743,219,52
3744,248,52
3745,230,53
3746,255,50
3747,239,51
3748,225,50
3749,232,52
3750,233,50
3751,232,48
3752,250,55
3753,225,50
3754,247,53
3755,242,51
3756,218,49
3757,263,50
3758,244,52
3759,239,52
3760,253,51
3761,246,50
3762,237,48
3763,221,47
3764,233,49
3765,222,47
3766,240,52
3767,239,51
3768,247,49
3769,238,49
3770,238,49
3771,219,47
3772,243,50
3773,230,46
3774,232,52
3775,227,46
3776,231,48
3777,272,51
3778,237,51
3779,223,50
3780,245,55
3781,272,52
3782,241,53
3783,231,49
3784,268,51
3785,250,51
3786,242,49
3787,244,47
3788,268,50
3789,227,48
3790,232,50
3791,257,53
3792,229,50
3793,257,50
3794,234,47
3795,225,50
3796,248,50
3797,218,50
3798,245,51
3799,233,50
3800,231,45
3801,227,49
3802,234,50
3803,243,50
3804,234,47
3805,247,53
3806,242,48
3807,260,54
3808,313,58
3809,241,50
3810,238,49
3811,231,52
3812,253,53
3813,236,54
3814,248,51
3815,234,51
3816,233,52
3817,249,51
3818,234,43
3819,252,52
3820,234,50
3821,226,49
3822,238,49
3823,229,48
3824,226,47
3825,234,49
3826,249,52
3827,240,46
3828,252,49
3829,231,50
3830,226,50
3831,270,52
3832,251,54
3833,236,50
3834,219,48
3835,251,51
3836,235,52
3837,258,52
3838,250,51
3839,269,49
3840,218,46
3841,261,50
3842,250,50
3843,219,49
3844,232,46
3845,275,53
3846,227,52
3847,222,51
3848,236,49
3849,235,50
3850,263,52
3851,225,48
3852,233,49
3853,229,51
3854,248,53
3855,224,50
3856,236,50
3857,278,52
3858,224,53
3859,232,50
3860,232,49
3861,251,54
3862,229,49
3863,227,48
3864,234,52
3865,240,52
3866,244,49
3867,217,49
3868,252,52
3869,245,51
3870,210,46
3871,230,49
3872,255,54
3873,247,50
3874,222,47
3875,227,51
3876,241,50
3877,246,51
3878,250,54
3879,245,54
3880,225,50
3881,214,47
3882,232,50
3883,220,50
3884,264,52
3885,254,51
3886,223,51
3887,230,51
3888,246,50
3889,252,54
3890,235,50
3891,255,51
3892,231,52
3893,218,47
3894,216,49
3895,265,49
3896,242,48
3897,235,55
3898,223,50
3899,233,52
3900,212,48
3901,228,48
3902,258,51
3903,231,49
3904,225,50
3905,251,52
3906,231,47
3907,227,46
3908,234,50
3909,218,49
3910,238,50
3911,235,47
3912,223,49
3913,243,49
3914,241,54
3915,224,49
3916,229,48
3917,220,48
3918,212,47
3919,241,50
3920,233,50
3921,231,53
3922,218,47
3923,229,48
3924,247,52
3925,231,50
3926,260,51
3927,231,48
3928,254,48
3929,233,51
3930,264,56
3931,226,50
3932,244,50
3933,258,55
3934,233,51
3935,245,50
3936,254,52
3937,236,50
3938,266,55
3939,276,51
3940,216,53
3941,222,47
3942,237,50
3943,244,53
3944,230,48
3945,243,50
3946,243,49
3947,229,52
3948,232,49
3949,226,49
3950,230,49
3951,229,52
3952,234,47
3953,231,48
3954,215,50
3955,249,52
3956,248,50
3957,234,51
3958,225,48
3959,242,50
3960,234,48
3961,252,51
3962,228,52
3963,229,48
3964,243,51
3965,246,53
3966,217,49
3967,227,47
3968,220,47
3969,242,49
3970,218,46
3971,213,48
3972,248,53
3973,233,53
3974,247,50
3975,241,51
3976,235,49
3977,230,50
3978,239,49
3979,236,52
3980,204,47
3981,231,55
3982,237,47
3983,245,56
3984,232,49
3985,246,54
3986,220,48
3987,244,52
3988,229,52
3989,230,47
3990,259,51
3991,226,50
3992,235,49
3993,227,50
3994,244,49
3995,229,49
3996,233,49
3997,240,49
3998,230,49
3999,237,50
4000,241,52
4001,211,47
4002,222,44
4003,240,49
4004,236,47
4005,233,49
4006,223,49
4007,239,50
4008,236,54
4009,269,51
4010,231,48
4011,220,51
4012,229,48
4013,251,51
4014,229,48
4015,259,53
4016,227,53
4017,229,50
4018,243,54
4019,258,51
4020,226,51
4021,221,48
4022,235,48
4023,249,51
4024,230,52
4025,233,48
4026,238,52
4027,244,49
4028,218,49
4029,226,51
4030,270,53
4031,240,51
4032,245,57
4033,215,49
4034,254,51
4035,247,50
4036,221,45
4037,227,49
4038,231,49
4039,219,48
4040,226,49
4041,224,49
4042,254,53
4043,229,46
4044,253,50
4045,223,48
4046,244,50
4047,242,49
4048,234,51
4049,243,52
4050,236,52
4051,234,49
4052,257,54
4053,234,50
4054,241,48
4055,237,48
4056,232,50
4057,230,52
4058,240,50
4059,237,50
4060,254,51
4061,260,54
4062,225,48
4063,218,47
4064,244,54
4065,224,49
4066,220,50
4067,263,56
4068,246,50
4069,224,50
4070,238,48
4071,227,51
4072,229,50
4073,256,51
4074,232,54
4075,227,51
4076,246,50
4077,260,48
4078,237,50
4079,230,48
4080,229,52
4081,270,52
4082,237,49
4083,230,48
4084,225,49
4085,265,53
4086,253,54
4087,246,54
4088,254,53
4089,239,48
4090,251,51
4091,245,49
4092,224,49
4093,220,46
4094,231,51
4095,250,51
4096,232,49
4097,215,48
4098,235,53
4099,232,49
4100,236,52
4101,251,49
4102,218,50
4103,229,52
4104,239,50
4105,235,50
4106,224,46
4107,217,46
4108,240,52
4109,258,50
4110,217,48
4111,236,51
4112,277,55
4113,241,51
4114,252,51
4115,235,50
4116,242,48
4117,254,53
4118,222,49
4119,270,52
4120,234,52
4121,235,51
4122,235,52
4123,230,49
4124,244,51
4125,238,51
4126,255,53
4127,219,49
4128,240,49
4129,244,52
4130,246,55
4131,243,48
4132,232,51
4133,242,51
4134,227,47
4135,241,54
4136,245,50
4137,243,55
4138,237,51
4139,210,47
4140,266,53
4141,257,50
4142,262,52
4143,260,53
4144,250,54
4145,240,51
4146,236,48
4147,250,52
4148,227,51
4149,245,54
4150,232,52
4151,232,49
4152,224,48
4153,241,50
4154,223,54
4155,227,52
4156,234,48
4157,248,51
4158,252,51
4159,252,54
4160,225,48
4161,233,50
4162,257,51
4163,225,50
4164,220,48
4165,237,51
4166,249,54
4167,248,53
4168,231,52
4169,228,50
4170,234,49
4171,232,52
4172,239,49
4173,255,51
4174,261,49
4175,228,50
4176,222,47
4177,224,50
4178,230,47
4179,219,49
4180,227,51
4181,257,55
4182,242,49
4183,225,51
4184,250,52
4185,231,53
4186,246,50
4187,226,48
4188,208,44
4189,246,49
4190,232,48
4191,236,51
4192,241,51
4193,257,51
4194,234,52
4195,250,52
4196,225,48
4197,224,49
4198,258,51
4199,226,53
4200,237,54
4201,232,49
4202,243,55
4203,243,52
4204,248,51
4205,233,47
4206,238,52
4207,226,52
4208,228,48
4209,242,53
4210,250,51
4211,239,50
4212,237,51
4213,232,47
4214,217,46
4215,241,52
4216,252,55
4217,232,52
4218,236,50
4219,223,47
4220,230,47
4221,261,52
4222,257,50
4223,240,47
4224,253,51
4225,223,47
4226,216,48
4227,224,49
4228,227,50
4229,240,50
4230,258,50
4231,234,47
4232,254,54
4233,224,48
4234,234,54
4235,258,51
4236,235,50
4237,221,48
4238,229,51
4239,231,50
4240,243,54
4241,239,48
4242,245,51
4243,259,52
4244,238,54
4245,240,50
4246,233,50
4247,223,49
4248,246,53
4249,245,54
4250,243,47
4251,224,51
4252,235,50
4253,243,52
4254,230,46
4255,245,52
4256,235,50
4257,268,52
4258,234,50
4259,255,50
4260,223,48
4261,238,46
4262,226,48
4263,235,51
4264,235,50
4265,226,50
4266,251,50
4267,265,52
4268,247,52
4269,238,49
4270,235,53
4271,228,47
4272,244,48
4273,230,49
4274,242,52
4275,254,53
4276,279,53
4277,250,47
4278,228,47
4279,222,48
4280,234,48
4281,222,49
4282,236,50
4283,267,54
4284,263,52
4285,239,50
4286,241,51
4287,219,48
4288,242,50
4289,211,50
4290,242,47
4291,247,50
4292,233,51
4293,273,52
4294,243,56
4295,217,49
4296,232,52
4297,228,53
4298,222,50
4299,277,52
4300,223,53
4301,219,49
4302,226,50
4303,224,51
4304,254,54
4305,249,53
4306,219,48
4307,230,48
4308,250,51
4309,237,49
4310,266,53
4311,258,52
4312,255,52
4313,223,51
4314,236,51
4315,248,52
4316,252,51
4317,228,50
4318,225,49
4319,245,50
4320,252,52
4321,233,49
4322,237,52
4323,268,49
4324,264,55
4325,235,48
4326,240,49
4327,236,49
4328,226,50
4329,249,54
4330,240,47
4331,236,49
4332,231,51
4333,286,54
4334,235,55
4335,230,50
4336,232,50
4337,256,49
4338,245,48
4339,270,52
4340,241,54
4341,251,54
4342,223,49
4343,265,53
4344,228,51
4345,236,51
4346,252,53
4347,242,52
4348,244,51
4349,223,51
4350,225,47
4351,262,52
4352,252,51
4353,246,50
4354,267,54
4355,234,49
4356,262,54
4357,246,48
4358,226,48
4359,247,53
4360,230,50
4361,221,49
4362,222,47
4363,230,49
4364,259,52
4365,238,48
4366,227,49
4367,242,49
4368,223,48
4369,255,53
4370,241,52
4371,244,50
4372,255,53
4373,244,52
4374,223,49
4375,241,52
4376,248,53
4377,227,49
4378,256,53
4379,246,50
4380,236,51
4381,227,52
4382,226,48
4383,227,51
4384,223,49
4385,249,50
4386,239,52
4387,241,51
4388,225,49
4389,253,56
4390,211,45
4391,234,51
4392,245,50
4393,222,47
4394,220,48
4395,220,46
4396,266,53
4397,218,48
4398,223,48
4399,252,51
4400,254,53
4401,227,47
4402,253,50
4403,236,51
4404,258,52
4405,236,52
4406,262,52
4407,235,50
4408,234,53
4409,234,48
4410,240,51
4411,246,52
4412,219,46
4413,254,51
4414,251,52
4415,226,50
4416,260,54
4417,245,51
4418,238,51
4419,221,50
4420,215,48
4421,255,55
4422,247,50
4423,247,52
4424,215,48
4425,259,52
4426,242,51
4427,242,49
4428,239,48
4429,235,48
4430,228,49
4431,250,49
4432,245,50
4433,241,52
4434,285,55
4435,242,53
4436,251,51
4437,250,48
4438,246,54
4439,239,54
4440,230,50
4441,233,49
4442,241,50
4443,247,52
4444,253,53
4445,234,51
4446,252,50
4447,230,46
4448,235,51
4449,223,46
4450,236,51
4451,248,54
4452,261,49
4453,227,49
4454,228,49
4455,232,49
4456,227,48
4457,225,49
4458,253,51
4459,246,51
4460,237,49
4461,217,47
4462,223,50
4463,222,47
4464,245,49
4465,236,51
4466,233,53
4467,238,49
4468,236,47
4469,224,50
4470,226,50
4471,231,50
4472,245,52
4473,231,50
4474,229,49
4475,231,48
4476,244,49
4477,248,53
4478,233,53
4479,224,47
4480,237,51
4481,248,52
4482,250,50
4483,232,48
4484,224,49
4485,236,49
4486,230,49
4487,241,50
4488,232,49
4489,274,52
4490,236,49
4491,246,49
4492,207,47
4493,216,49
4494,224,48
4495,226,52
4496,246,50
4497,245,49
4498,226,49
4499,263,53
4500,236,51
4501,231,48
4502,267,51
4503,243,51
4504,225,46
4505,237,49
4506,248,56
4507,240,50
4508,256,51
4509,242,50
4510,250,47
4511,247,52
4512,235,49
4513,243,50
4514,242,49
4515,246,52
4516,232,51
4517,264,52
4518,223,51
4519,243,50
4520,228,51
4521,226,51
4522,242,51
4523,231,52
4524,240,51
4525,217,50
4526,244,49
4527,219,50
4528,233,49
4529,244,50
4530,255,51
4531,253,52
4532,253,51
4533,214,47
4534,224,48
4535,212,46
4536,246,49
4537,239,53
4538,239,52
4539,239,50
4540,237,50
4541,238,52
4542,219,48
4543,244,51
4544,230,50
4545,211,51
4546,239,53
4547,234,51
4548,245,50
4549,219,49
4550,243,50
4551,241,49
4552,224,50
4553,233,50
4554,245,53
4555,251,53
4556,246,50
4557,276,56
4558,221,50
4559,214,46
4560,234,48
4561,231,48
4562,238,47
4563,240,51
4564,223,47
4565,279,54
4566,241,49
4567,237,51
4568,232,51
4569,256,49
4570,228,49
4571,231,50
4572,249,51
4573,243,54
4574,234,47
4575,242,49
4576,242,53
4577,234,49
4578,241,48
4579,231,50
4580,227,50
4581,256,53
4582,244,53
4583,237,51
4584,226,47
4585,247,51
4586,244,51
4587,262,52
4588,239,50
4589,209,49
4590,230,48
4591,227,49
4592,265,53
4593,225,50
4594,232,47
4595,218,46
4596,223,49
4597,235,53
4598,238,48
4599,237,53
4600,232,53
4601,234,52
4602,226,51
4603,249,52
4604,233,51
4605,231,47
4606,265,54
4607,265,53
4608,227,54
4609,247,51
4610,247,50
4611,230,48
4612,243,52
4613,219,48
4614,241,49
4615,232,52
4616,232,49
4617,229,44
4618,232,48
4619,223,49
4620,243,49
4621,238,51
4622,237,51
4623,220,45
4624,259,56
4625,241,51
4626,233,52
4627,227,47
4628,210,47
4629,233,51
4630,237,51
4631,228,50
4632,238,51
4633,224,50
4634,251,50
4635,240,52
4636,243,52
4637,223,47
4638,227,49
4639,236,49
4640,249,53
4641,229,48
4642,224,48
4643,238,49
4644,219,48
4645,224,49
4646,242,52
4647,236,50
4648,219,45
4649,222,51
4650,225,46
4651,230,48
4652,217,50
4653,253,52
4654,231,54
4655,228,50
4656,244,54
4657,242,48
4658,239,50
4659,225,48
4660,216,48
4661,214,50
4662,245,52
4663,234,56
4664,232,49
4665,224,49
4666,240,52
4667,247,52
4668,246,50
4669,248,53
4670,260,54
4671,228,51
4672,247,48
4673,230,48
4674,235,51
4675,242,52
4676,249,49
4677,233,52
4678,245,51
4679,251,53
4680,269,53
4681,224,50
4682,237,49
4683,221,51
4684,230,52
4685,250,52
4686,225,50
4687,219,47
4688,236,49
4689,226,46
4690,225,49
4691,258,49
4692,221,49
4693,243,50
4694,234,49
4695,233,53
4696,244,53
4697,250,53
4698,263,50
4699,236,51
4700,222,51
4701,236,48
4702,229,48
4703,222,47
4704,232,51
4705,267,55
4706,244,49
4707,251,52
4708,244,50
4709,228,48
4710,217,45
4711,236,53
4712,250,53
4713,246,55
4714,275,54
4715,239,50
4716,225,52
4717,248,53
4718,231,50
4719,250,50
4720,236,51
4721,243,53
4722,249,53
4723,218,52
4724,239,51
4725,221,47
4726,248,51
4727,220,48
4728,255,47
4729,239,48
4730,235,51
4731,231,48
4732,243,51
4733,241,49
4734,232,46
4735,232,46
4736,237,49
4737,216,47
4738,244,50
4739,228,51
4740,242,53
4741,241,52
4742,233,50
4743,223,49
4744,236,50
4745,246,55
4746,229,48
4747,231,48
4748,226,49
4749,239,53
4750,255,54
4751,225,50
4752,228,50
4753,246,48
4754,234,50
4755,226,48
4756,269,50
4757,238,54
4758,237,50
4759,229,51
4760,239,51
4761,233,52
4762,224,48
4763,229,49
4764,250,55
4765,238,51
4766,223,48
4767,231,51
4768,214,48
4769,241,50
4770,239,51
4771,268,50
4772,265,55
4773,259,53
4774,242,50
4775,274,55
4776,224,49
4777,214,48
4778,246,51
4779,235,50
4780,284,52
4781,213,49
4782,228,47
4783,236,50
4784,239,51
4785,256,52
4786,234,52
4787,219,50
4788,219,50
4789,251,53
4790,256,51
4791,213,46
4792,241,51
4793,233,48
4794,252,50
4795,240,49
4796,228,47
4797,256,51
4798,244,51
4799,249,51
4800,253,53
4801,227,50
4802,240,52
4803,228,47
4804,242,55
4805,222,47
4806,236,48
4807,233,48
4808,235,48
4809,238,50
4810,224,50
4811,240,49
4812,236,50
4813,227,47
4814,229,52
4815,251,52
4816,227,50
4817,229,46
4818,246,45
4819,215,46
4820,248,51
4821,233,50
4822,235,52
4823,268,55
4824,246,50
4825,236,53
4826,227,48
4827,250,50
4828,236,51
4829,247,52
4830,232,51
4831,214,47
4832,232,51
4833,263,52
4834,225,47
4835,216,46
4836,226,50
4837,232,52
4838,220,47
4839,243,51
4840,232,47
4841,236,45
4842,240,52
4843,249,52
4844,223,50
4845,249,52
4846,226,49
4847,240,50
4848,234,50
4849,244,47
4850,251,52
4851,249,52
4852,220,47
4853,245,50
4854,238,48
4855,229,49
4856,228,48
4857,232,48
4858,242,51
4859,236,46
4860,250,52
4861,225,52
4862,239,48
4863,259,50
4864,226,49
4865,256,53
4866,276,58
4867,241,52
4868,209,50
4869,239,52
4870,231,50
4871,247,53
4872,255,52
4873,232,51
4874,246,49
4875,245,48
4876,238,50
4877,255,52
4878,247,49
4879,275,54
4880,242,51
4881,267,54
4882,249,52
4883,261,52
4884,251,48
4885,245,50
4886,229,48
4887,239,51
4888,244,52
4889,265,54
4890,254,51
4891,232,48
4892,253,52
4893,222,49
4894,247,51
4895,242,52
4896,241,53
4897,233,51
4898,259,55
4899,239,51
4900,229,49
4901,246,52
4902,228,47
4903,245,53
4904,243,48
4905,231,50
4906,206,46
4907,229,48
4908,219,50
4909,244,51
4910,233,49
4911,262,51
4912,222,49
4913,236,50
4914,244,51
4915,228,52
4916,246,53
4917,248,49
4918,234,51
4919,256,51
4920,247,52
4921,244,53
4922,233,50
4923,253,50
4924,235,49
4925,248,50
4926,223,48
4927,245,52
4928,237,51
4929,262,55
4930,233,52
4931,260,50
4932,233,53
4933,237,51
4934,242,53
4935,216,49
4936,230,47
4937,261,52
4938,249,49
4939,252,50
4940,233,49
4941,237,49
4942,264,53
4943,244,49
4944,240,49
4945,227,50
4946,239,51
4947,251,53
4948,251,52
4949,239,47
4950,246,51
4951,243,50
4952,231,47
4953,261,53
4954,238,52
4955,254,52
4956,233,48
4957,303,55
4958,245,52
4959,214,48
4960,250,53
4961,227,49
4962,234,49
4963,246,49
4964,247,50
4965,233,51
4966,219,48
4967,238,48
4968,231,49
4969,249,49
4970,250,54
4971,223,46
4972,241,53
4973,245,53
4974,243,52
4975,260,51
4976,233,52
4977,258,50
4978,235,50
4979,240,47
4980,229,52
4981,246,50
4982,218,51
4983,245,54
4984,236,53
4985,226,52
4986,242,51
4987,259,54
4988,244,50
4989,229,47
4990,256,52
4991,220,50
4992,214,50
4993,228,50
4994,230,48
4995,263,53
4996,226,51
4997,235,52
4998,242,50
4999,219,46
5000,240,50
5001,224,51
5002,241,50
5003,251,51
5004,219,46
5005,229,50
5006,238,49
5007,258,51
5008,240,49
5009,223,51
5010,237,50
5011,266,55
5012,254,53
5013,218,48
5014,220,49
5015,246,54
5016,228,51
5017,219,48
5018,272,52
5019,239,53
5020,247,52
5021,216,48
5022,275,53
5023,279,52
5024,232,50
5025,237,52
5026,249,52
5027,258,53
5028,221,49
5029,239,50
5030,248,49
5031,240,48
5032,210,48
5033,222,50
5034,241,49
5035,247,53
5036,229,51
5037,271,50
5038,234,48
5039,220,50
5040,238,52
5041,232,49
5042,232,49
5043,231,46
5044,222,46
5045,252,50
5046,246,51
5047,230,49
5048,226,50
5049,240,49
5050,235,53
5051,235,50
5052,252,54
5053,233,49
5054,233,49
5055,235,51
5056,246,50
5057,246,50
5058,229,47
5059,222,50
5060,223,49
5061,236,47
5062,232,51
5063,262,52
5064,240,51
5065,234,51
5066,246,49
5067,218,47
5068,242,50
5069,235,50
5070,228,50
5071,227,47
5072,242,54
5073,248,51
5074,251,50
5075,243,49
5076,248,52
5077,214,50
5078,217,47
5079,229,50
5080,243,49
5081,235,45
5082,233,51
5083,236,50
5084,232,51
5085,256,52
5086,237,50
5087,229,54
5088,272,50
5089,235,50
5090,252,51
5091,225,47
5092,251,45
5093,258,54
5094,230,50
5095,266,53
5096,252,51
5097,234,49
5098,236,48
5099,235,51
5100,231,52
5101,221,48
5102,224,47
5103,220,51
5104,223,52
5105,252,52
5106,265,53
5107,238,49
5108,211,47
5109,243,53
5110,262,52
5111,256,51
5112,222,48
5113,222,50
5114,230,50
5115,240,49
5116,247,53
5117,232,49
5118,243,49
5119,237,52
5120,244,55
5121,237,52
5122,232,50
5123,236,48
5124,236,52
5125,232,49
5126,239,51
5127,234,50
5128,223,49
5129,238,52
5130,261,49
5131,219,45
5132,260,58
5133,232,51
5134,249,50
5135,259,51
5136,215,48
5137,237,51
5138,241,54
5139,269,50
5140,243,50
5141,245,52
5142,241,50
5143,250,50
5144,240,53
5145,242,49
5146,244,54
5147,250,52
5148,223,50
5149,221,48
5150,234,50
5151,220,48
5152,234,53
5153,274,54
5154,222,49
5155,242,54
5156,266,52
5157,249,50
5158,241,50
5159,236,49
5160,248,50
5161,231,50
5162,235,50
5163,243,53
5164,238,50
5165,252,51
5166,246,50
5167,260,51
5168,254,50
5169,261,55
5170,239,50
5171,248,54
5172,227,50
5173,258,51
5174,223,50
5175,247,53
5176,236,51
5177,239,50
5178,237,51
5179,239,50
5180,250,50
5181,244,50
5182,229,48
5183,238,50
5184,220,48
5185,228,48
5186,236,47
5187,248,52
5188,247,52
5189,239,52
5190,245,49
5191,246,53
5192,218,48
5193,233,48
5194,232,51
5195,251,51
5196,268,55
5197,258,51
5198,247,51
5199,228,49
5200,238,52
5201,236,50
5202,232,51
5203,249,51
5204,233,53
5205,228,46
5206,248,49
5207,242,49
5208,237,51
5209,229,48
5210,245,51
5211,225,50
5212,233,51
5213,250,50
5214,225,49
5215,268,52
5216,238,49
5217,235,49
5218,228,49
5219,250,49
5220,237,47
5221,257,52
5222,258,51
5223,257,54
5224,227,47
5225,245,51
5226,238,52
5227,242,51
5228,228,55
5229,223,50
5230,230,48
5231,214,50
5232,233,48
5233,247,49
5234,247,53
5235,236,51
5236,243,51
5237,240,50
5238,246,53
5239,253,53
5240,228,49
5241,220,49
5242,240,54
5243,219,49
5244,243,49
5245,219,47
5246,246,51
5247,246,48
5248,247,56
5249,233,52
5250,244,49
5251,252,49
5252,225,49
5253,214,49
5254,243,52
5255,243,48
5256,230,48
5257,246,49
5258,206,46
5259,232,49
5260,241,51
5261,237,51
5262,236,53
5263,247,53
5264,244,52
5265,235,51
5266,222,50
5267,225,50
5268,232,48
5269,246,53
5270,243,49
5271,248,54
5272,266,52
5273,240,48
5274,254,51
5275,242,52
5276,257,55
5277,233,49
5278,228,46
5279,253,52
5280,227,51
5281,248,51
5282,236,51
5283,226,49
5284,231,52
5285,228,50
5286,223,49
5287,233,50
5288,224,51
5289,232,52
5290,226,50
5291,244,50
5292,217,50
5293,237,51
5294,224,47
5295,268,50
5296,248,51
5297,264,55
5298,219,50
5299,221,46
5300,238,49
5301,276,53
5302,247,50
5303,262,53
5304,242,51
5305,219,47
5306,253,52
5307,219,47
5308,248,50
5309,233,50
5310,240,49
5311,231,53
5312,225,51
5313,220,43
5314,236,49
5315,245,47
5316,233,51
5317,232,52
5318,247,51
5319,239,50
5320,224,50
5321,248,52
5322,246,54
5323,247,51
5324,234,50
5325,269,52
5326,231,50
5327,265,53
5328,237,52
5329,229,52
5330,223,49
5331,260,54
5332,238,48
5333,256,53
5334,221,47
5335,250,50
5336,251,52
5337,230,54
5338,216,47
5339,241,51
5340,248,49
5341,229,52
5342,215,48
5343,257,52
5344,247,51
5345,213,48
5346,240,47
5347,245,51
5348,241,51
5349,268,52
5350,242,51
5351,239,51
5352,245,52
5353,243,50
5354,228,49
5355,248,50
5356,237,49
5357,252,52
5358,240,53
5359,226,50
5360,218,48
5361,245,50
5362,225,49
5363,253,53
5364,231,49
5365,251,49
5366,251,53
5367,226,50
5368,225,51
5369,245,49
5370,252,51
5371,254,52
5372,230,46
5373,225,47
5374,230,50
5375,237,50
5376,233,47
5377,251,49
5378,246,53
5379,224,47
5380,231,50
5381,247,52
5382,261,49
5383,250,49
5384,226,52
5385,244,54
5386,233,51
5387,249,50
5388,214,47
5389,230,48
5390,224,49
5391,241,48
5392,228,53
5393,221,50
5394,259,52
5395,242,52
5396,256,54
5397,235,50
5398,249,50
5399,237,49
5400,245,52
5401,233,53
5402,250,50
5403,236,49
5404,253,53
5405,242,50
5406,232,49
5407,238,54
5408,220,47
5409,256,53
5410,216,49
5411,233,49
5412,233,50
5413,243,52
5414,248,53
5415,288,53
5416,224,52
5417,268,53
5418,248,52
5419,240,52
5420,240,51
5421,254,53
5422,257,53
5423,253,54
5424,289,54
5425,227,49
5426,232,53
5427,260,51
5428,226,51
5429,244,51
5430,236,55
5431,217,51
5432,257,53
5433,226,49
5434,223,50
5435,219,47
5436,222,51
5437,257,49
5438,229,47
5439,238,50
5440,239,50
5441,235,49
5442,248,52
5443,252,53
5444,236,52
5445,258,50
5446,229,48
5447,255,53
5448,226,50
5449,218,48
5450,242,49
5451,239,48
5452,217,47
5453,254,52
5454,231,50
5455,215,52
5456,240,52
5457,252,50
5458,282,54
5459,241,50
5460,250,52
5461,246,52
5462,233,49
5463,222,50
5464,231,51
5465,294,57
5466,256,53
5467,216,46
5468,223,48
5469,225,48
5470,240,51
5471,230,50
5472,240,48
5473,256,53
5474,230,52
5475,252,52
5476,249,52
5477,242,50
5478,260,52
5479,257,49
5480,236,52
5481,220,50
5482,235,47
5483,255,52
5484,248,54
5485,229,51
5486,235,51
5487,227,48
5488,237,49
5489,222,52
5490,251,47
5491,256,50
5492,229,51
5493,224,48
5494,266,52
5495,255,53
5496,231,50
5497,244,52
5498,222,50
5499,219,48
5500,238,49
5501,234,50
5502,262,55
5503,253,49
5504,241,49
5505,270,53
5506,239,48
5507,271,54
5508,218,46
5509,230,51
5510,224,49
5511,244,50
5512,262,54
5513,234,52
5514,224,51
5515,228,51
5516,220,46
5517,223,50
5518,250,54
5519,229,52
5520,223,51
5521,218,48
5522,224,49
5523,245,49
5524,249,47
5525,235,50
5526,256,54
5527,228,51
5528,252,50
5529,225,47
5530,219,51
5531,240,52
5532,243,51
5533,244,50
5534,260,54
5535,216,49
5536,247,50
5537,224,47
5538,259,51
5539,220,45
5540,242,52
5541,243,47
5542,235,50
5543,242,50
5544,249,49
5545,239,50
5546,230,49
5547,239,52
5548,226,46
5549,231,49
5550,251,48
5551,224,48
5552,246,50
5553,235,46
5554,240,52
5555,224,52
5556,271,57
5557,244,53
5558,237,49
5559,238,50
5560,228,46
5561,267,53
5562,243,50
5563,244,51
5564,222,48
5565,266,49
5566,235,52
5567,212,50
5568,251,54
5569,238,48
5570,228,53
5571,233,50
5572,262,53
5573,257,51
5574,237,48
5575,251,49
5576,240,48
5577,249,53
5578,219,48
5579,225,48
5580,242,50
5581,236,49
5582,253,53
5583,237,51
5584,224,49
5585,221,49
5586,228,48
5587,229,47
5588,252,49
5589,266,53
5590,222,50
5591,248,50
5592,226,47
5593,237,50
5594,247,51
5595,247,51
5596,225,53
5597,217,46
5598,225,47
5599,229,48
5600,240,53
5601,240,49
5602,242,50
5603,248,50
5604,241,53
5605,219,50
5606,227,51
5607,235,51
5608,265,53
5609,225,49
5610,249,49
5611,227,49
5612,234,51
5613,263,55
5614,240,46
5615,265,50
5616,227,50
5617,257,48
5618,253,52
5619,255,54
5620,235,51
5621,242,51
5622,244,48
5623,246,50
5624,258,53
5625,238,51
5626,219,48
5627,228,51
5628,231,46
5629,255,52
5630,254,56
5631,239,49
5632,230,51
5633,243,47
5634,247,49
5635,259,53
5636,245,50
5637,237,51
5638,239,54
5639,215,48
5640,241,47
5641,221,49
5642,242,49
5643,214,45
5644,222,48
5645,239,49
5646,241,49
5647,223,50
5648,234,47
5649,238,49
5650,241,51
5651,245,50
5652,235,53
5653,229,50
5654,239,49
5655,246,51
5656,236,47
5657,237,50
5658,231,51
5659,214,48
5660,240,48
5661,227,49
5662,239,50
5663,224,49
5664,249,51
5665,223,49
5666,233,53
5667,230,51
5668,221,50
5669,239,52
5670,227,51
5671,243,49
5672,252,51
5673,222,46
5674,241,52
5675,226,48
5676,233,50
5677,227,50
5678,257,54
5679,226,50
5680,227,50
5681,229,50
5682,225,49
5683,231,51
5684,224,54
5685,237,51
5686,224,50
5687,237,49
5688,224,51
5689,221,45
5690,246,52
5691,252,52
5692,230,49
5693,230,49
5694,232,51
5695,242,51
5696,261,54
5697,224,49
5698,214,43
5699,245,48
5700,264,54
5701,250,48
5702,238,50
5703,246,50
5704,259,50
5705,231,51
5706,232,49
5707,228,48
5708,214,48
5709,232,51
5710,257,52
5711,217,49
5712,216,46
5713,222,50
5714,239,51
5715,236,52
5716,230,52
5717,221,49
5718,238,51
5719,235,51
5720,245,51
5721,225,49
5722,253,53
5723,231,54
5724,243,52
5725,224,50
5726,212,47
5727,268,50
5728,219,48
5729,237,54
5730,230,50
5731,228,50
5732,247,53
5733,254,56
5734,222,50
5735,234,50
5736,236,51
5737,218,47
5738,219,50
5739,225,50
5740,221,50
5741,241,49
5742,256,51
5743,220,53
5744,235,46
5745,271,50
5746,250,52
5747,237,52
5748,225,49
5749,236,47
5750,217,45
5751,249,53
5752,250,52
5753,260,51
5754,240,48
5755,233,47
5756,246,51
5757,243,50
5758,231,49
5759,222,49
5760,233,55
5761,221,48
5762,245,53
5763,255,53
5764,224,50
5765,234,50
5766,238,50
5767,232,50
5768,255,52
5769,275,53
5770,224,49
5771,240,52
5772,245,51
5773,247,50
5774,247,54
5775,238,54
5776,237,49
5777,241,50
5778,238,52
5779,265,56
5780,256,51
5781,222,48
5782,239,49
5783,236,51
5784,228,49
5785,248,49
5786,241,51
5787,240,53
5788,220,48
5789,235,50
5790,244,50
5791,274,52
5792,220,49
5793,250,48
5794,238,52
5795,232,52
5796,263,53
5797,233,53
5798,239,49
5799,225,47
5800,244,49
5801,222,48
5802,233,50
5803,217,47
5804,253,50
5805,243,50
5806,242,48
5807,227,45
5808,227,49
5809,231,48
5810,225,49
5811,226,50
5812,224,51
5813,229,51
5814,245,53
5815,233,51
5816,230,47
5817,246,51
5818,218,49
5819,233,50
5820,238,47
5821,237,46
5822,221,53
5823,246,49
5824,257,51
5825,216,46
5826,237,50
5827,260,54
5828,230,51
5829,236,48
5830,228,49
5831,234,49
5832,247,51
5833,239,49
5834,253,52
5835,244,55
5836,229,49
5837,233,50
5838,239,50
5839,268,51
5840,241,48
5841,217,50
5842,229,48
5843,240,50
5844,237,49
5845,264,51
5846,232,52
5847,240,52
5848,243,53
5849,226,47
5850,226,47
5851,219,46
5852,231,52
5853,247,52
5854,223,48
5855,244,49
5856,235,51
5857,244,48
5858,230,50
5859,236,48
5860,240,52
5861,249,53
5862,267,51
5863,230,48
5864,232,51
5865,242,52
5866,228,51
5867,226,53
5868,237,52
5869,238,48
5870,210,47
5871,222,48
5872,240,53
5873,237,51
5874,228,48
5875,241,51
5876,237,50
5877,235,51
5878,240,52
5879,235,47
5880,238,52
5881,248,52
5882,236,53
5883,239,50
5884,224,51
5885,240,51
5886,237,51
5887,253,57
5888,252,50
5889,228,50
5890,234,52
5891,220,49
5892,239,54
5893,247,52
5894,255,54
5895,248,51
5896,236,51
5897,228,50
5898,222,47
5899,234,49
5900,231,51
5901,235,48
5902,279,54
5903,237,50
5904,259,52
5905,255,52
5906,234,48
5907,240,50
5908,244,50
5909,239,51
5910,219,51
5911,247,54
5912,255,51
5913,231,49
5914,233,50
5915,232,51
5916,260,51
5917,232,53
5918,226,51
5919,243,52
5920,252,49
5921,216,49
5922,236,49
5923,259,49
5924,251,53
5925,262,54
5926,235,51
5927,247,52
5928,217,49
5929,243,51
5930,226,49
5931,238,53
5932,236,48
5933,216,48
5934,236,46
5935,225,49
5936,241,54
5937,250,52
5938,258,49
5939,244,51
5940,234,48
5941,243,52
5942,249,51
5943,238,50
5944,223,50
5945,232,49
5946,216,50
5947,235,51
5948,224,47
5949,240,51
5950,261,51
5951,245,53
5952,236,53
5953,238,53
5954,220,48
5955,223,48
5956,231,51
5957,224,50
5958,227,49
5959,258,53
5960,218,47
5961,249,51
5962,227,48
5963,247,52
5964,241,48
5965,232,50
5966,223,48
5967,247,48
5968,244,51
5969,223,48
5970,226,50
5971,238,48
5972,227,48
5973,232,51
5974,253,47
5975,232,52
5976,228,44
5977,237,48
5978,224,52
5979,258,49
5980,244,50
5981,225,53
5982,229,50
5983,231,48
5984,219,47
5985,234,48
5986,256,54
5987,235,49
5988,246,51
5989,246,48
5990,239,48
5991,246,53
5992,234,50
5993,234,50
5994,230,49
5995,231,54
5996,235,50
5997,236,48
5998,217,48
5999,234,53
6000,242,49
6001,233,49
6002,236,48
6003,245,50
6004,240,54
6005,239,49
6006,215,48
6007,263,56
6008,261,52
6009,217,47
6010,246,51
6011,235,51
6012,225,49
6013,256,50
6014,227,48
6015,235,48
6016,246,50
6017,250,49
6018,247,53
6019,234,51
6020,242,52
6021,259,56
6022,218,48
6023,244,47
6024,241,53
6025,232,48
6026,238,53
6027,241,51
6028,233,51
6029,241,52
6030,227,48
6031,215,47
6032,221,52
6033,239,53
6034,217,49
6035,232,50
6036,248,51
6037,216,48
6038,228,49
6039,235,49
6040,248,51
6041,235,52
6042,226,48
6043,228,49
6044,247,56
6045,239,47
6046,226,49
6047,242,50
6048,243,51
6049,255,51
6050,258,50
6051,221,53
6052,258,55
6053,218,48
6054,241,56
6055,226,50
6056,251,51
6057,232,50
6058,223,51
6059,230,47
6060,240,47
6061,212,49
6062,232,50
6063,250,52
6064,225,48
6065,232,51
6066,219,49
6067,214,50
6068,219,45
6069,222,50
6070,223,49
6071,229,46
6072,238,51
6073,226,48
6074,231,50
6075,270,51
6076,227,48
6077,247,47
6078,229,48
6079,243,51
6080,230,50
6081,236,47
6082,254,54
6083,218,52
6084,234,48
6085,246,53
6086,226,50
6087,243,51
6088,239,51
6089,248,49
6090,253,52
6091,215,45
6092,235,50
6093,241,51
6094,239,50
6095,241,48
6096,227,48
6097,240,53
6098,240,53
6099,231,52
6100,210,48
6101,235,49
6102,230,50
6103,229,50
6104,247,51
6105,226,49
6106,214,48
6107,230,51
6108,247,55
6109,237,49
6110,245,49
6111,241,49
6112,239,52
6113,231,51
6114,241,48
6115,231,53
6116,202,44
6117,242,52
6118,222,47
6119,217,46
6120,216,52
6121,238,53
6122,228,49
6123,234,52
6124,228,51
6125,242,50
6126,235,50
6127,221,46
6128,233,52
6129,213,49
6130,254,51
6131,232,47
6132,246,51
6133,230,48
6134,243,50
6135,314,59
6136,259,52
6137,237,50
6138,236,49
6139,238,52
6140,231,48
6141,234,48
6142,249,54
6143,230,49
6144,240,51
6145,231,48
6146,230,54
6147,253,52
6148,224,49
6149,235,49
6150,223,49
6151,238,52
6152,251,52
6153,246,48
6154,251,53
6155,228,54
6156,235,50
6157,237,50
6158,216,46
6159,226,46
6160,236,51
6161,230,47
6162,225,48
6163,217,47
6164,244,51
6165,241,50
6166,257,50
6167,240,51
6168,238,50
6169,241,52
6170,251,51
6171,212,47
6172,251,51
6173,231,52
6174,245,52
6175,240,49
6176,208,45
6177,230,53
6178,230,48
6179,258,51
6180,215,45
6181,285,55
6182,239,48
6183,225,48
6184,236,50
6185,223,48
6186,237,50
6187,240,51
6188,268,51
6189,269,53
6190,253,51
6191,246,52
6192,232,53
6193,211,51
6194,261,49
6195,228,48
6196,247,50
6197,238,51
6198,251,53
6199,217,46
6200,239,52
6201,227,54
6202,261,52
6203,253,51
6204,250,52
6205,232,48
6206,247,54
6207,265,53
6208,263,53
6209,232,51
6210,245,50
6211,220,50
6212,224,49
6213,223,47
6214,226,48
6215,240,51
6216,232,48
6217,236,53
6218,218,49
6219,243,53
6220,246,53
6221,238,53
6222,218,47
6223,247,50
6224,236,50
6225,232,50
6226,242,51
6227,220,49
6228,229,50
6229,215,46
6230,227,47
6231,241,48
6232,231,46
6233,237,51
6234,255,52
6235,253,50
6236,227,47
6237,259,49
6238,255,51
6239,232,49
6240,270,53
6241,256,52
6242,222,47
6243,238,53
6244,240,48
6245,232,50
6246,246,52
6247,254,49
6248,228,48
6249,284,55
6250,234,49
6251,231,47
6252,227,48
6253,235,53
6254,242,49
6255,244,50
6256,250,52
6257,242,51
6258,231,53
6259,245,50
6260,214,50
6261,211,47
6262,243,52
6263,240,50
6264,242,50
6265,241,49
6266,250,50
6267,268,54
6268,259,50
6269,245,51
6270,229,50
6271,226,46
6272,234,50
6273,270,54
6274,253,54
6275,244,51
6276,228,50
6277,222,49
6278,219,47
6279,236,49
6280,249,55
6281,215,46
6282,233,52
6283,232,49
6284,237,48
6285,252,53
6286,258,52
6287,263,51
6288,237,52
6289,233,49
6290,244,53
6291,228,49
6292,237,48
6293,232,51
6294,276,54
6295,233,50
6296,233,52
6297,233,52
6298,247,54
6299,233,49
6300,234,47
6301,241,51
6302,233,51
6303,256,52
6304,231,49
6305,244,50
6306,232,47
6307,219,51
6308,244,52
6309,246,51
6310,251,49
6311,266,53
6312,258,53
6313,244,52
6314,264,51
6315,221,50
6316,224,46
6317,244,53
6318,244,51
6319,237,52
6320,222,47
6321,254,49
6322,242,49
6323,246,50
6324,216,48
6325,236,53
6326,224,50
6327,212,47
6328,257,53
6329,249,53
6330,223,49
6331,225,52
6332,251,53
6333,238,49
6334,241,50
6335,238,50
6336,234,51
6337,214,47
6338,245,49
6339,241,52
6340,220,45
6341,237,53
6342,234,51
6343,243,48
6344,235,49
6345,239,51
6346,231,48
6347,244,49
6348,247,51
6349,216,46
6350,243,51
6351,223,51
6352,245,52
6353,219,48
6354,233,49
6355,235,48
6356,240,51
6357,272,55
6358,238,52
6359,234,49
6360,235,51
6361,273,52
6362,246,51
6363,270,57
6364,242,51
6365,245,49
6366,253,52
6367,250,52
6368,243,50
6369,232,51
6370,222,46
6371,242,54
6372,246,51
6373,237,52
6374,242,53
6375,225,47
6376,236,50
6377,221,51
6378,227,47
6379,239,49
6380,265,54
6381,232,50
6382,233,49
6383,242,47
6384,221,50
6385,241,53
6386,263,56
6387,248,51
6388,243,50
6389,227,49
6390,248,55
6391,249,50
6392,224,50
6393,269,53
6394,224,50
6395,226,47
6396,238,49
6397,256,50
6398,222,47
6399,248,53
6400,236,47
6401,257,52
6402,262,53
6403,235,51
6404,234,48
6405,221,48
6406,247,53
6407,232,49
6408,245,50
6409,236,48
6410,262,52
6411,228,49
6412,236,48
6413,231,51
6414,236,47
6415,239,51
6416,223,46
6417,233,51
6418,249,49
6419,236,48
6420,233,50
6421,233,50
6422,256,52
6423,227,50
6424,248,51
6425,222,51
6426,254,48
6427,250,51
6428,232,45
6429,223,49
6430,252,54
6431,243,52
6432,237,51
6433,234,52
6434,232,49
6435,234,49
6436,240,56
6437,231,51
6438,258,50
6439,241,50
6440,245,50
6441,250,52
6442,238,51
6443,231,50
6444,225,46
6445,211,49
6446,229,48
6447,249,52
6448,233,49
6449,238,50
6450,236,50
6451,235,53
6452,255,54
6453,242,49
6454,229,51
6455,236,51
6456,245,50
6457,216,48
6458,244,51
6459,240,50
6460,225,50
6461,260,53
6462,236,50
6463,241,50
6464,215,50
6465,253,55
6466,249,50
6467,251,51
6468,258,52
6469,235,50
6470,231,51
6471,261,51
6472,231,50
6473,237,50
6474,227,46
6475,217,48
6476,237,49
6477,246,54
6478,271,50
6479,245,49
6480,258,54
6481,236,50
6482,210,51
6483,239,49
6484,232,50
6485,226,51
6486,214,51
6487,244,50
6488,246,52
6489,235,50
6490,247,53
6491,237,50
6492,222,49
6493,219,51
6494,236,51
6495,224,50
6496,223,50
6497,248,54
6498,260,50
6499,223,48
6500,254,52
6501,200,49
6502,240,46
6503,239,52
6504,224,45
6505,232,50
6506,225,47
6507,231,51
6508,255,54
6509,235,47
6510,244,51
6511,242,51
6512,227,51
6513,229,52
6514,263,53
6515,242,53
6516,248,52
6517,227,47
6518,231,50
6519,242,51
6520,248,49
6521,233,50
6522,221,45
6523,235,52
6524,259,54
6525,233,51
6526,256,49
6527,237,51
6528,244,51
6529,269,55
6530,242,53
6531,231,47
6532,222,51
6533,226,48
6534,226,46
6535,232,49
6536,233,46
6537,241,51
6538,246,50
6539,228,48
6540,217,47
6541,233,51
6542,236,48
6543,247,50
6544,259,52
6545,243,50
6546,235,51
6547,250,49
6548,255,53
6549,232,48
6550,241,49
6551,210,47
6552,230,47
6553,231,50
6554,225,49
6555,247,49
6556,232,48
6557,246,53
6558,258,49
6559,246,54
6560,251,52
6561,227,50
6562,256,54
6563,230,50
6564,244,53
6565,215,49
6566,224,52
6567,240,48
6568,227,51
6569,256,50
6570,277,53
6571,239,49
6572,247,48
6573,255,53
6574,238,52
6575,239,53
6576,253,52
6577,233,51
6578,234,48
6579,249,49
6580,259,51
6581,256,49
6582,252,49
6583,238,49
6584,228,48
6585,227,49
6586,257,51
6587,254,54
6588,253,52
6589,230,47
6590,231,49
6591,246,50
6592,225,47
6593,257,52
6594,225,49
6595,254,53
6596,256,51
6597,241,53
6598,234,50
6599,264,50
6600,277,52
6601,238,50
6602,236,47
6603,230,49
6604,255,49
6605,248,50
6606,226,51
6607,225,49
6608,236,48
6609,258,52
6610,233,48
6611,234,52
6612,218,51
6613,207,48
6614,251,50
6615,218,47
6616,242,49
6617,228,51
6618,238,48
6619,238,53
6620,239,45
6621,229,48
6622,252,51
6623,223,48
6624,214,48
6625,244,51
6626,224,47
6627,224,48
6628,239,50
6629,246,53
6630,239,49
6631,237,51
6632,245,53
6633,235,51
6634,223,47
6635,243,48
6636,224,49
6637,234,49
6638,240,48
6639,252,54
6640,252,49
6641,248,50
6642,257,49
6643,239,54
6644,226,50
6645,250,50
6646,220,48
6647,247,49
6648,250,52
6649,240,51
6650,233,50
6651,261,54
6652,244,54
6653,232,46
6654,242,49
6655,248,51
6656,230,50
6657,243,49
6658,239,52
6659,238,48
6660,240,50
6661,259,52
6662,240,49
6663,220,49
6664,236,50
6665,227,48
6666,253,51
6667,230,48
6668,226,51
6669,256,53
6670,237,50
6671,235,51
6672,252,51
6673,233,47
6674,232,49
6675,234,51
6676,238,51
6677,235,50
6678,251,50
6679,231,48
6680,233,50
6681,230,50
6682,241,50
6683,227,50
6684,244,51
6685,216,48
6686,228,47
6687,229,48
6688,221,48
6689,226,51
6690,232,46
6691,252,46
6692,270,53
6693,247,50
6694,238,49
6695,233,48
6696,225,49
6697,231,48
6698,246,51
6699,236,50
6700,241,51
6701,238,50
6702,251,51
6703,243,51
6704,234,47
6705,253,53
6706,231,49
6707,243,49
6708,247,54
6709,228,53
6710,231,51
6711,290,54
6712,226,48
6713,242,49
6714,233,49
6715,233,48
6716,238,53
6717,229,49
6718,247,54
6719,236,50
6720,245,53
6721,227,50
6722,228,50
6723,242,52
6724,250,51
6725,215,48
6726,239,51
6727,235,51
6728,206,48
6729,272,56
6730,233,52
6731,235,51
6732,245,52
6733,229,49
6734,232,49
6735,244,51
6736,232,51
6737,228,51
6738,224,50
6739,243,52
6740,265,53
6741,242,51
6742,233,51
6743,224,50
6744,230,49
6745,221,47
6746,252,51
6747,252,51
6748,226,48
6749,245,48
6750,238,51
6751,230,49
6752,235,49
6753,228,51
6754,246,46
6755,224,48
6756,257,53
6757,231,50
6758,244,49
6759,225,52
6760,238,54
6761,226,50
6762,249,50
6763,204,45
6764,220,49
6765,227,49
6766,225,52
6767,243,52
6768,214,48
6769,235,52
6770,222,50
6771,254,52
6772,228,52
6773,247,51
6774,254,51
6775,225,51
6776,229,51
6777,250,53
6778,227,50
6779,241,50
6780,250,53
6781,224,50
6782,254,52
6783,243,50
6784,254,54
6785,247,53
6786,235,50
6787,258,51
6788,257,48
6789,208,45
6790,234,51
6791,235,50
6792,236,50
6793,236,49
6794,247,48
6795,254,55
6796,224,48
6797,231,48
6798,241,51
6799,253,53
6800,237,50
6801,242,49
6802,276,52
6803,247,52
6804,260,51
6805,244,50
6806,238,49
6807,227,49
6808,243,49
6809,224,49
6810,229,49
6811,230,49
6812,236,51
6813,259,54
6814,235,49
6815,219,47
6816,257,51
6817,245,48
6818,230,51
6819,250,52
6820,229,51
6821,218,48
6822,240,52
6823,278,55
6824,236,50
6825,216,51
6826,244,50
6827,236,51
6828,238,52
6829,239,51
6830,262,51
6831,231,50
6832,233,51
6833,250,49
6834,236,51
6835,241,49
6836,219,50
6837,233,48
6838,245,56
6839,224,50
6840,234,51
6841,224,50
6842,214,43
6843,241,49
6844,225,48
6845,235,51
6846,245,49
6847,251,51
6848,233,46
6849,245,50
6850,268,53
6851,238,48
6852,229,46
6853,235,50
6854,227,49
6855,266,49
6856,251,53
6857,217,49
6858,233,51
6859,241,50
6860,251,52
6861,245,51
6862,247,51
6863,239,54
6864,215,46
6865,217,46
6866,243,53
6867,234,47
6868,237,49
6869,232,47
6870,224,52
6871,251,53
6872,232,51
6873,236,48
6874,240,49
6875,253,51
6876,252,52
6877,229,51
6878,240,50
6879,233,51
6880,240,52
6881,246,50
6882,236,52
6883,234,49
6884,235,53
6885,228,49
6886,249,50
6887,226,51
6888,240,49
6889,268,50
6890,231,47
6891,218,48
6892,244,51
6893,251,48
6894,231,49
6895,217,47
6896,215,51
6897,238,50
6898,235,50
6899,249,53
6900,233,50
6901,259,49
6902,223,48
6903,237,50
6904,240,49
6905,247,50
6906,220,52
6907,224,50
6908,231,47
6909,247,51
6910,223,48
6911,238,49
6912,229,51
6913,222,48
6914,243,49
6915,241,49
6916,226,51
6917,227,47
6918,224,48
6919,264,52
6920,219,48
6921,258,55
6922,226,49
6923,231,49
6924,239,51
6925,231,51
6926,236,50
6927,253,52
6928,236,49
6929,223,47
6930,227,51
6931,235,50
6932,222,47
6933,215,47
6934,258,53
6935,242,52
6936,280,54
6937,230,49
6938,241,50
6939,229,51
6940,244,50
6941,232,52
6942,246,53
6943,223,49
6944,237,51
6945,257,52
6946,253,51
6947,280,59
6948,234,51
6949,233,50
6950,229,50
6951,241,54
6952,244,49
6953,259,55
6954,229,46
6955,233,49
6956,231,52
6957,245,51
6958,248,49
6959,218,47
6960,253,51
6961,252,55
6962,230,49
6963,227,50
6964,216,47
6965,208,46
6966,235,52
6967,241,52
6968,241,50
6969,228,50
6970,233,51
6971,229,50
6972,250,51
6973,228,48
6974,259,52
6975,219,50
6976,233,54
6977,229,48
6978,238,47
6979,231,49
6980,247,52
6981,233,51
6982,254,52
6983,247,51
6984,219,46
6985,226,46
6986,232,50
6987,228,53
6988,269,55
6989,232,50
6990,259,55
6991,238,49
6992,241,52
6993,239,48
6994,229,51
6995,225,47
6996,225,45
6997,258,47
6998,230,49
6999,254,50
7000,271,53
7001,228,48
7002,236,54
7003,239,51
7004,247,51
7005,237,54
7006,247,53
7007,269,55
7008,247,55
7009,233,51
7010,248,50
7011,241,51
7012,232,46
7013,252,51
7014,247,53
7015,241,50
7016,231,52
7017,234,53
7018,238,50
7019,222,49
7020,226,47
7021,230,49
7022,239,51
7023,239,54
7024,244,52
7025,231,48
7026,240,52
7027,227,50
7028,241,53
7029,242,52
7030,247,51
7031,251,48
7032,218,51
7033,240,48
7034,244,49
7035,230,50
7036,217,47
7037,249,51
7038,258,49
7039,232,49
7040,265,52
7041,243,49
7042,248,48
7043,236,50
7044,232,49
7045,248,53
7046,221,53
7047,237,51
7048,250,53
7049,240,51
7050,251,52
7051,267,52
7052,239,52
7053,235,48
7054,252,50
7055,218,44
7056,233,51
7057,247,47
7058,249,51
7059,272,53
7060,286,53
7061,255,48
7062,242,53
7063,221,50
7064,234,48
7065,227,50
7066,246,49
7067,262,50
7068,233,48
7069,245,54
7070,214,45
7071,277,54
7072,239,54
7073,249,49
7074,244,50
7075,225,50
7076,247,53
7077,254,49
7078,217,46
7079,219,50
7080,243,50
7081,228,50
7082,228,51
7083,235,51
7084,233,51
7085,211,50
7086,235,51
7087,254,50
7088,221,46
7089,238,49
7090,245,51
7091,242,50
7092,248,51
7093,249,49
7094,260,51
7095,229,46
7096,226,48
7097,267,52
7098,256,54
7099,262,51
7100,215,48
7101,212,48
7102,235,50
7103,237,46
7104,247,48
7105,240,48
7106,222,52
7107,261,54
7108,227,47
7109,269,51
7110,208,51
7111,236,48
7112,251,53
7113,223,50
7114,269,56
7115,256,52
7116,224,51
7117,233,51
7118,244,52
7119,262,54
7120,224,50
7121,242,51
7122,221,49
7123,220,48
7124,246,51
7125,222,48
7126,230,52
7127,247,54
7128,252,53
7129,230,53
7130,220,46
7131,239,48
7132,233,49
7133,241,51
7134,235,48
7135,221,48
7136,246,51
7137,226,47
7138,268,52
7139,250,51
7140,236,47
7141,255,51
7142,260,52
7143,255,51
7144,222,49
7145,216,46
7146,232,50
7147,225,47
7148,248,55
7149,226,50
7150,243,52
7151,245,50
7152,248,50
7153,231,53
7154,233,50
7155,228,47
7156,232,51
7157,210,48
7158,231,49
7159,218,49
7160,213,44
7161,237,50
7162,219,48
7163,226,48
7164,234,49
7165,228,47
7166,236,50
7167,261,49
7168,245,49
7169,251,52
7170,222,50
7171,228,49
7172,260,51
7173,250,51
7174,243,49
7175,239,46
7176,228,49
7177,219,51
7178,240,53
7179,235,50
7180,245,53
7181,252,49
7182,243,52
7183,240,47
7184,235,49
7185,237,53
7186,234,51
7187,243,48
7188,245,51
7189,234,50
7190,225,47
7191,244,48
7192,219,46
7193,249,53
7194,236,49
7195,236,52
7196,239,53
7197,240,51
7198,226,47
7199,219,49
7200,270,55
7201,222,45
7202,247,53
7203,245,50
7204,244,52
7205,237,50
7206,244,50
7207,234,49
7208,243,49
7209,226,50
7210,234,54
7211,227,48
7212,248,51
7213,236,50
7214,232,49
7215,232,48
7216,218,49
7217,250,54
7218,224,49
7219,255,51
7220,247,50
7221,250,52
7222,227,49
7223,228,50
7224,240,53
7225,234,47
7226,254,50
7227,215,52
7228,228,53
7229,227,48
7230,213,46
7231,257,52
7232,219,49
7233,222,49
7234,235,53
7235,251,51
7236,227,47
7237,224,50
7238,253,51
7239,255,49
7240,231,50
7241,222,48
7242,236,50
7243,233,54
7244,261,52
7245,239,50
7246,251,50
7247,239,47
7248,237,48
7249,252,51
7250,259,54
7251,216,50
7252,219,49
7253,255,55
7254,254,53
7255,221,51
7256,233,49
7257,226,52
7258,257,55
7259,214,47
7260,238,52
7261,249,53
7262,233,53
7263,254,55
7264,255,53
7265,234,52
7266,236,50
7267,249,56
7268,265,53
7269,226,52
7270,234,51
7271,245,49
7272,249,49
7273,264,49
7274,233,50
7275,212,46
7276,238,48
7277,238,50
7278,227,53
7279,223,49
7280,251,49
7281,218,50
7282,264,55
7283,247,51
7284,221,49
7285,215,47
7286,237,50
7287,234,52
7288,213,44
7289,252,54
7290,214,48
7291,233,52
7292,253,50
7293,206,45
7294,245,51
7295,240,50
7296,264,54
7297,227,51
7298,249,52
7299,221,45
7300,247,52
7301,229,51
7302,232,54
7303,228,53
7304,238,51
7305,227,50
7306,246,52
7307,255,53
7308,238,49
7309,245,53
7310,263,52
7311,237,50
7312,239,50
7313,220,48
7314,245,53
7315,263,54
7316,240,47
7317,236,49
7318,244,50
7319,233,48
7320,240,49
7321,230,51
7322,229,49
7323,234,50
7324,231,48
7325,241,52
7326,247,50
7327,257,50
7328,250,53
7329,226,48
7330,225,49
7331,238,52
7332,228,51
7333,232,48
7334,223,50
7335,259,49
7336,253,49
7337,226,50
7338,243,50
7339,240,51
7340,243,52
7341,246,52
7342,247,50
7343,232,50
7344,232,50
7345,236,49
7346,263,52
7347,267,53
7348,231,51
7349,271,49
7350,206,48
7351,234,48
7352,255,54
7353,235,52
7354,246,50
7355,265,52
7356,226,52
7357,226,49
7358,226,51
7359,238,50
7360,238,52
7361,241,50
7362,242,51
7363,239,48
7364,240,50
7365,243,49
7366,244,51
7367,230,48
7368,232,50
7369,228,47
7370,244,51
7371,254,54
7372,228,48
7373,239,51
7374,248,54
7375,233,50
7376,221,52
7377,245,51
7378,268,51
7379,254,53
7380,226,48
7381,224,50
7382,212,48
7383,227,45
7384,240,52
7385,225,49
7386,214,48
7387,236,49
7388,234,47
7389,238,49
7390,246,53
7391,237,51
7392,249,52
7393,229,47
7394,257,50
7395,230,52
7396,234,49
7397,232,49
7398,243,52
7399,232,47
7400,238,51
7401,259,53
7402,248,51
7403,258,52
7404,263,51
7405,235,49
7406,231,53
7407,235,49
7408,223,48
7409,242,51
7410,244,53
7411,249,54
7412,228,48
7413,223,51
7414,219,47
7415,240,50
7416,223,48
7417,252,52
7418,288,57
7419,256,51
7420,240,53
7421,217,46
7422,247,53
7423,229,49
7424,229,49
7425,231,50
7426,222,53
7427,243,51
7428,241,49
7429,208,46
7430,240,50
7431,253,53
7432,246,50
7433,230,50
7434,244,48
7435,223,52
7436,247,54
7437,229,49
7438,234,51
7439,251,51
7440,228,49
7441,233,48
7442,248,52
7443,226,50
7444,284,54
7445,260,54
7446,249,52
7447,231,48
7448,222,47
7449,220,47
7450,261,52
7451,252,49
7452,250,54
7453,231,47
7454,231,48
7455,220,47
7456,240,51
7457,262,52
7458,226,49
7459,228,52
7460,224,53
7461,216,50
7462,224,52
7463,240,48
7464,223,49
7465,235,50
7466,237,50
7467,238,50
7468,213,47
7469,241,48
7470,244,51
7471,250,50
7472,255,55
7473,229,48
7474,229,48
7475,211,48
7476,221,49
7477,255,53
7478,217,45
7479,263,51
7480,246,50
7481,228,50
7482,233,53
7483,244,49
7484,228,52
7485,237,50
7486,224,45
7487,227,51
7488,227,48
7489,242,56
7490,232,48
7491,233,51
7492,225,50
7493,226,46
7494,264,55
7495,236,48
7496,266,52
7497,234,50
7498,254,51
7499,233,49
7500,232,48
7501,242,51
7502,228,48
7503,222,50
7504,270,51
7505,245,50
7506,231,50
7507,232,47
7508,240,50
7509,248,53
7510,250,53
7511,236,51
7512,242,54
7513,231,47
7514,229,48
7515,227,49
7516,238,52
7517,231,52
7518,217,48
7519,237,47
7520,265,47
7521,254,53
7522,220,48
7523,227,51
7524,218,49
7525,243,50
7526,222,44
7527,254,50
7528,252,51
7529,235,51
7530,242,53
7531,231,49
7532,229,50
7533,257,49
7534,216,50
7535,245,50
7536,266,51
7537,250,51
7538,230,50
7539,237,48
7540,230,50
7541,230,50
7542,226,47
7543,242,52
7544,225,48
7545,232,48
7546,243,49
7547,256,52
7548,218,48
7549,212,49
7550,251,51
7551,244,47
7552,247,52
7553,254,51
7554,251,52
7555,247,50
7556,222,50
7557,232,48
7558,250,47
7559,261,52
7560,239,51
7561,229,45
7562,234,48
7563,238,48
7564,223,49
7565,244,51
7566,221,45
7567,252,52
7568,238,51
7569,240,51
7570,232,50
7571,229,49
7572,245,52
7573,236,49
7574,220,49
7575,269,56
7576,234,48
7577,232,47
7578,254,53
7579,233,47
7580,235,50
7581,263,51
7582,241,50
7583,250,50
7584,224,47
7585,235,49
7586,242,49
7587,228,49
7588,243,50
7589,224,52
7590,218,48
7591,215,52
7592,243,51
7593,252,50
7594,238,53
7595,238,50
7596,236,50
7597,251,50
7598,263,52
7599,221,50
7600,216,50
7601,245,51
7602,253,49
7603,234,50
7604,251,51
7605,225,45
7606,249,52
7607,224,46
7608,221,49
7609,252,51
7610,227,48
7611,236,49
7612,244,55
7613,239,51
7614,242,52
7615,227,48
7616,228,52
7617,243,49
7618,244,53
7619,263,53
7620,237,49
7621,237,50
7622,243,54
7623,239,50
7624,219,51
7625,240,52
7626,236,52
7627,223,48
7628,228,49
7629,232,52
7630,248,52
7631,264,51
7632,219,48
7633,245,52
7634,241,48
7635,254,53
7636,238,46
7637,220,46
7638,222,51
7639,252,50
7640,229,50
7641,238,52
7642,274,54
7643,234,50
7644,216,48
7645,217,49
7646,245,53
7647,216,46
7648,225,53
7649,220,49
7650,200,47
7651,230,50
7652,226,51
7653,252,51
7654,216,47
7655,270,52
7656,248,51
7657,245,55
7658,227,48
7659,231,48
7660,281,53
7661,250,53
7662,241,51
7663,233,54
7664,243,51
7665,242,52
7666,237,53
7667,250,51
7668,240,51
7669,241,49
7670,207,45
7671,239,50
7672,236,50
7673,250,51
7674,240,51
7675,231,51
7676,236,51
7677,215,46
7678,247,52
7679,252,51
7680,236,53
7681,268,51
7682,245,48
7683,247,48
7684,245,52
7685,227,51
7686,256,51
7687,220,51
7688,251,54
7689,259,55
7690,230,50
7691,242,50
7692,227,48
7693,259,53
7694,248,55
7695,247,53
7696,243,52
7697,235,48
7698,229,53
7699,244,54
7700,230,51
7701,224,50
7702,238,53
7703,236,52
7704,227,47
7705,251,51
7706,256,53
7707,241,48
7708,240,49
7709,257,53
7710,266,52
7711,221,51
7712,245,52
7713,233,48
7714,253,46
7715,247,51
7716,236,51
7717,219,49
7718,263,54
7719,253,54
7720,243,49
7721,230,47
7722,219,48
7723,251,52
7724,227,49
7725,230,48
7726,222,47
7727,246,50
7728,246,51
7729,267,50
7730,218,47
7731,228,47
7732,210,49
7733,244,48
7734,241,49
7735,234,53
7736,263,53
7737,223,48
7738,231,50
7739,251,54
7740,241,51
7741,238,52
7742,265,53
7743,213,49
7744,210,46
7745,242,50
7746,223,51
7747,240,48
7748,229,48
7749,226,51
7750,241,52
7751,272,52
7752,235,50
7753,250,52
7754,240,53
7755,258,55
7756,227,52
7757,250,48
7758,270,51
7759,229,52
7760,255,53
7761,235,52
7762,255,53
7763,241,51
7764,245,50
7765,232,48
7766,222,48
7767,231,47
7768,223,50
7769,295,52
7770,242,54
7771,254,54
7772,222,45
7773,242,50
7774,231,50
7775,243,50
7776,238,54
7777,233,50
7778,226,48
7779,228,50
7780,250,51
7781,255,52
7782,234,51
7783,270,56
7784,219,50
7785,269,53
7786,280,52
7787,251,52
7788,260,52
7789,246,51
7790,255,56
7791,230,50
7792,214,49
7793,235,46
7794,227,48
7795,234,49
7796,237,53
7797,272,51
7798,239,52
7799,254,52
7800,224,49
7801,238,52
7802,237,50
7803,239,48
7804,243,49
7805,261,50
7806,233,52
7807,238,49
7808,213,48
7809,228,48
7810,224,52
7811,238,53
7812,240,48
7813,223,52
7814,232,50
7815,231,48
7816,239,51
7817,237,51
7818,242,50
7819,221,49
7820,228,49
7821,245,52
7822,248,50
7823,224,49
7824,231,52
7825,237,52
7826,244,51
7827,238,51
7828,244,54
7829,227,47
7830,258,52
7831,236,52
7832,231,47
7833,237,52
7834,246,52
7835,212,46
7836,245,53
7837,240,52
7838,234,53
7839,223,45
7840,225,50
7841,229,49
7842,211,52
7843,227,47
7844,229,50
7845,219,51
7846,222,50
7847,256,50
7848,237,52
7849,221,51
7850,238,48
7851,254,49
7852,233,49
7853,214,49
7854,236,54
7855,234,47
7856,227,52
7857,231,51
7858,223,47
7859,240,52
7860,249,53
7861,251,52
7862,209,50
7863,286,54
7864,231,51
7865,231,49
7866,225,48
7867,243,48
7868,230,50
7869,220,46
7870,246,54
7871,252,51
7872,221,47
7873,227,47
7874,227,47
7875,237,51
7876,246,48
7877,253,51
7878,208,51
7879,228,48
7880,246,48
7881,236,52
7882,247,49
7883,235,51
7884,249,50
7885,234,52
7886,255,53
7887,244,53
7888,245,51
7889,234,48
7890,233,47
7891,221,48
7892,243,51
7893,233,48
7894,238,49
7895,243,48
7896,233,48
7897,232,50
7898,237,50
7899,232,50
7900,227,48
7901,235,50
7902,229,50
7903,248,53
7904,237,49
7905,233,51
7906,218,50
7907,220,47
7908,226,52
7909,232,44
7910,212,48
7911,227,49
7912,243,51
7913,256,50
7914,245,51
7915,228,50
7916,207,46
7917,232,51
7918,248,51
7919,215,46
7920,247,50
7921,239,53
7922,260,55
7923,238,50
7924,222,50
7925,240,53
7926,242,51
7927,263,54
7928,229,50
7929,245,51
7930,249,50
7931,231,50
7932,221,50
7933,260,50
7934,242,48
7935,251,52
7936,228,50
7937,251,52
7938,261,51
7939,214,48
7940,225,52
7941,238,49
7942,217,46
7943,228,47
7944,249,49
7945,257,53
7946,231,47
7947,233,49
7948,216,47
7949,223,49
7950,222,48
7951,253,52
7952,223,48
7953,223,48
7954,234,52
7955,226,53
7956,216,50
7957,234,53
7958,222,48
7959,241,52
7960,241,49
7961,216,48
7962,222,47
7963,230,48
7964,244,53
7965,216,49
7966,248,53
7967,228,49
7968,271,54
7969,227,47
7970,247,51
7971,222,46
7972,214,48
7973,251,52
7974,237,49
7975,242,53
7976,261,50
7977,227,48
7978,228,55
7979,233,49
7980,242,52
7981,238,49
7982,218,49
7983,233,50
7984,233,50
7985,237,48
7986,250,49
7987,244,49
7988,230,54
7989,232,48
7990,247,51
7991,228,53
7992,226,48
7993,251,55
7994,230,50
7995,287,55
7996,244,52
7997,229,53
7998,235,51
7999,234,49
8000,228,49
8001,231,51
8002,229,49
8003,244,53
8004,251,50
8005,236,47
8006,235,51
8007,226,51
8008,231,50
8009,219,50
8010,215,49
8011,266,53
8012,220,49
8013,251,53
8014,219,47
8015,236,51
8016,226,53
8017,251,52
8018,221,46
8019,246,49
8020,241,50
8021,230,48
8022,241,51
8023,239,52
8024,221,50
8025,232,50
8026,277,53
8027,261,57
8028,239,44
8029,217,50
8030,238,46
8031,233,52
8032,243,53
8033,251,52
8034,246,51
8035,224,53
8036,246,52
8037,231,47
8038,231,51
8039,248,55
8040,230,52
8041,234,48
8042,229,55
8043,231,52
8044,227,51
8045,246,51
8046,251,50
8047,225,51
8048,236,50
8049,229,50
8050,259,52
8051,232,51
8052,265,53
8053,219,48
8054,235,47
8055,248,50
8056,237,52
8057,245,52
8058,228,50
8059,234,49
8060,224,47
8061,241,50
8062,269,53
8063,233,49
8064,240,48
8065,235,50
8066,246,47
8067,244,49
8068,241,49
8069,221,48
8070,247,48
8071,218,48
8072,235,49
8073,231,48
8074,251,52
8075,257,51
8076,261,50
8077,223,47
8078,247,55
8079,238,53
8080,224,49
8081,250,51
8082,235,50
8083,233,51
8084,233,51
8085,224,49
8086,227,51
8087,229,49
8088,217,48
8089,236,51
8090,253,56
8091,210,48
8092,216,47
8093,229,53
8094,244,50
8095,253,51
8096,248,53
8097,236,49
8098,288,54
8099,235,53
8100,232,51
8101,230,50
8102,224,50
8103,230,48
8104,238,48
8105,230,52
8106,233,49
8107,211,45
8108,236,52
8109,231,47
8110,222,48
8111,245,49
8112,239,52
8113,245,54
8114,234,50
8115,250,52
8116,231,49
8117,238,53
8118,260,51
8119,230,49
8120,229,51
8121,234,50
8122,230,49
8123,260,53
8124,243,52
8125,240,55
8126,230,50
8127,232,48
8128,240,50
8129,242,52
8130,247,52
8131,239,48
8132,253,51
8133,231,49
8134,259,53
8135,246,48
8136,227,49
8137,253,51
8138,219,50
8139,221,48
8140,239,50
8141,246,49
8142,242,53
8143,235,50
8144,222,45
8145,219,49
8146,254,53
8147,227,50
8148,220,50
8149,245,50
8150,233,49
8151,247,53
8152,247,51
8153,230,49
8154,270,51
8155,262,47
8156,237,50
8157,240,48
8158,235,47
8159,230,49
8160,238,49
8161,239,49
8162,237,52
8163,244,52
8164,256,54
8165,227,48
8166,245,52
8167,231,52
8168,239,49
8169,262,54
8170,255,52
8171,245,54
8172,212,46
8173,232,54
8174,239,51
8175,233,51
8176,287,56
8177,240,51
8178,249,50
8179,242,51
8180,237,50
8181,244,49
8182,236,54
8183,245,53
8184,270,52
8185,243,51
8186,222,48
8187,241,51
8188,232,51
8189,233,52
8190,230,50
8191,239,51
8192,233,47
8193,278,52
8194,242,52
8195,249,54
8196,226,46
8197,223,55
8198,252,53
8199,229,51
8200,235,52
8201,207,47
8202,230,52
8203,236,51
8204,231,48
8205,238,48
8206,241,51
8207,219,49
8208,251,52
8209,238,48
8210,241,49
8211,228,48
8212,245,49
8213,253,49
8214,245,51
8215,240,51
8216,248,50
8217,247,52
8218,232,49
8219,238,51
8220,249,50
8221,228,49
8222,240,52
8223,243,51
8224,233,49
8225,234,51
8226,260,52
8227,233,49
8228,233,52
8229,240,50
8230,237,53
8231,259,51
8232,262,54
8233,236,52
8234,260,53
8235,254,53
8236,228,48
8237,226,49
8238,234,49
8239,227,48
8240,224,45
8241,234,55
8242,234,50
8243,234,48
8244,250,53
8245,240,50
8246,223,48
8247,228,52
8248,239,52
8249,228,49
8250,243,47
8251,257,52
8252,246,53
8253,258,49
8254,225,49
8255,244,53
8256,268,52
8257,224,50
8258,244,49
8259,226,47
8260,245,50
8261,243,51
8262,248,53
8263,228,51
8264,253,49
8265,231,49
8266,235,52
8267,222,49
8268,232,49
8269,233,47
8270,246,50
8271,254,50
8272,236,48
8273,263,49
8274,238,53
8275,227,52
8276,232,49
8277,252,51
8278,238,49
8279,242,49
8280,229,52
8281,236,51
8282,227,50
8283,235,53
8284,222,47
8285,226,49
8286,236,52
8287,234,47
8288,247,51
8289,248,56
8290,221,50
8291,228,50
8292,222,49
8293,264,51
8294,249,54
8295,240,52
8296,239,53
8297,216,44
8298,225,48
8299,219,50
8300,235,49
8301,223,52
8302,232,50
8303,255,53
8304,218,49
8305,232,50
8306,235,55
8307,281,55
8308,221,49
8309,250,53
8310,222,50
8311,235,50
8312,248,51
8313,235,52
8314,218,49
8315,234,52
8316,256,52
8317,245,50
8318,239,51
8319,264,53
8320,235,51
8321,238,48
8322,253,51
8323,249,52
8324,219,47
8325,234,50
8326,224,49
8327,244,53
8328,228,48
8329,228,50
8330,231,52
8331,261,53
8332,231,46
8333,235,51
8334,240,49
8335,231,50
8336,237,48
8337,234,48
8338,252,49
8339,219,48
8340,229,52
8341,249,53
8342,235,52
8343,232,46
8344,242,52
8345,253,53
8346,229,51
8347,248,52
8348,237,51
8349,246,52
8350,254,50
8351,238,52
8352,221,48
8353,235,49
8354,249,52
8355,239,48
8356,228,50
8357,259,51
8358,218,50
8359,262,51
8360,212,50
8361,236,49
8362,234,48
8363,231,50
8364,224,49
8365,257,54
8366,253,52
8367,235,52
8368,257,55
8369,237,52
8370,246,48
8371,244,49
8372,260,53
8373,220,48
8374,223,50
8375,239,52
8376,248,49
8377,252,48
8378,256,52
8379,249,51
8380,217,50
8381,220,48
8382,224,50
8383,245,54
8384,219,49
8385,243,51
8386,227,49
8387,245,53
8388,218,48
8389,271,53
8390,234,49
8391,244,53
8392,228,47
8393,227,46
8394,244,51
8395,249,51
8396,245,50
8397,230,51
8398,226,48
8399,228,47
8400,231,53
8401,234,51
8402,228,46
8403,255,52
8404,220,50
8405,266,56
8406,265,52
8407,239,52
8408,259,49
8409,205,47
8410,231,50
8411,252,54
8412,226,50
8413,226,51
8414,251,50
8415,225,54
8416,261,53
8417,243,50
8418,229,49
8419,250,52
8420,241,52
8421,233,52
8422,228,48
8423,269,50
8424,252,49
8425,248,52
8426,247,49
8427,265,51
8428,232,49
8429,222,49
8430,224,49
8431,218,45
8432,219,50
8433,235,48
8434,248,50
8435,239,53
8436,235,49
8437,241,49
8438,241,51
8439,237,50
8440,244,50
8441,260,50
8442,244,49
8443,239,52
8444,228,49
8445,233,48
8446,235,47
8447,218,48
8448,234,52
8449,229,50
8450,244,52
8451,242,53
8452,226,48
8453,251,50
8454,247,50
8455,219,51
8456,241,54
8457,247,53
8458,237,51
8459,243,51
8460,221,52
8461,216,49
8462,221,48
8463,252,52
8464,243,53
8465,247,51
8466,248,51
8467,226,52
8468,248,51
8469,266,50
8470,259,55
8471,238,48
8472,251,50
8473,248,50
8474,234,49
8475,242,49
8476,236,51
8477,228,47
8478,234,53
8479,246,52
8480,218,51
8481,267,51
8482,241,51
8483,227,50
8484,231,51
8485,234,52
8486,220,46
8487,240,51
8488,258,54
8489,240,50
8490,249,51
8491,211,50
8492,230,51
8493,238,52
8494,243,51
8495,251,49
8496,254,52
8497,260,51
8498,224,50
8499,231,49
8500,225,51
8501,244,48
8502,241,50
8503,253,49
8504,233,51
8505,250,50
8506,226,51
8507,245,53
8508,251,50
8509,227,44
8510,250,50
8511,251,52
8512,225,50
8513,249,51
8514,231,47
8515,211,48
8516,256,51
8517,226,46
8518,242,50
8519,227,47
8520,235,48
8521,252,53
8522,235,51
8523,252,51
8524,264,54
8525,251,51
8526,233,50
8527,258,53
8528,235,50
8529,254,52
8530,217,49
8531,244,52
8532,234,50
8533,221,52
8534,244,46
8535,228,52
8536,228,48
8537,249,49
8538,239,48
8539,248,53
8540,263,51
8541,246,51
8542,246,51
8543,230,50
8544,255,51
8545,259,52
8546,247,52
8547,248,50
8548,226,50
8549,234,46
8550,229,48
8551,216,50
8552,238,51
8553,249,51
8554,261,50
8555,245,53
8556,236,48
8557,255,55
8558,219,48
8559,242,51
8560,215,51
8561,248,51
8562,222,48
8563,253,51
8564,238,48
8565,239,51
8566,223,45
8567,234,49
8568,240,52
8569,230,52
8570,241,53
8571,244,49
8572,237,51
8573,265,52
8574,247,49
8575,249,52
8576,229,50
8577,236,53
8578,239,51
8579,233,48
8580,263,54
8581,242,49
8582,232,51
8583,236,49
8584,254,50
8585,266,53
8586,240,51
8587,242,51
8588,248,51
8589,250,53
8590,227,50
8591,227,52
8592,249,52
8593,232,51
8594,235,49
8595,240,51
8596,244,51
8597,222,49
8598,227,54
8599,224,48
8600,233,49
8601,234,53
8602,228,47
8603,230,51
8604,250,52
8605,233,50
8606,217,49
8607,254,56
8608,241,53
8609,251,57
8610,243,53
8611,259,53
8612,243,50
8613,242,49
8614,242,51
8615,251,53
8616,240,50
8617,232,48
8618,218,52
8619,232,50
8620,215,47
8621,239,51
8622,238,47
8623,248,53
8624,230,49
8625,250,50
8626,233,49
8627,263,54
8628,230,50
8629,223,47
8630,238,52
8631,252,47
8632,243,51
8633,238,51
8634,243,52
8635,227,50
8636,249,47
8637,241,53
8638,247,56
8639,215,49
8640,245,49
8641,228,51
8642,250,51
8643,233,52
8644,227,48
8645,268,52
8646,214,47
8647,245,55
8648,244,51
8649,250,52
8650,255,49
8651,263,53
8652,234,51
8653,255,53
8654,229,56
8655,234,51
8656,237,51
8657,227,48
8658,276,51
8659,230,49
8660,240,51
8661,232,46
8662,224,49
8663,221,48
8664,246,48
8665,245,50
8666,252,53
8667,244,53
8668,237,52
8669,255,49
8670,218,47
8671,234,51
8672,230,49
8673,265,50
8674,251,53
8675,234,49
8676,235,53
8677,241,54
8678,223,50
8679,210,47
8680,234,50
8681,257,50
8682,260,51
8683,227,50
8684,248,49
8685,243,51
8686,248,47
8687,231,52
8688,220,45
8689,240,49
8690,231,47
8691,241,53
8692,230,51
8693,243,50
8694,248,54
8695,252,52
8696,233,50
8697,251,50
8698,245,56
8699,245,51
8700,233,50
8701,249,54
8702,260,53
8703,232,49
8704,250,53
8705,241,51
8706,242,47
8707,246,49
8708,239,49
8709,237,52
8710,257,54
8711,223,50
8712,238,51
8713,262,53
8714,241,49
8715,251,53
8716,231,47
8717,219,47
8718,227,49
8719,229,49
8720,227,48
8721,239,54
8722,240,52
8723,234,48
8724,280,54
8725,234,49
8726,250,49
8727,266,54
8728,243,49
8729,250,49
8730,263,51
8731,245,55
8732,224,51
8733,240,51
8734,216,48
8735,232,49
8736,242,52
8737,233,46
8738,256,51
8739,245,51
8740,238,50
8741,228,48
8742,227,51
8743,259,54
8744,229,51
8745,232,48
8746,228,45
8747,217,52
8748,224,50
8749,232,52
8750,254,56
8751,254,52
8752,228,48
8753,235,46
8754,228,48
8755,231,50
8756,243,49
8757,237,50
8758,244,51
8759,238,53
8760,245,50
8761,247,49
8762,224,49
8763,237,50
8764,236,50
8765,253,49
8766,278,54
8767,249,49
8768,237,48
8769,231,50
8770,226,52
8771,219,51
8772,253,50
8773,241,54
8774,234,48
8775,224,47
8776,250,52
8777,244,50
8778,221,46
8779,232,51
8780,238,50
8781,259,50
8782,237,48
8783,235,48
8784,223,47
8785,210,49
8786,247,56
8787,257,53
8788,246,52
8789,224,47
8790,239,50
8791,236,52
8792,261,51
8793,232,55
8794,214,51
8795,227,51
8796,229,49
8797,245,47
8798,236,48
8799,244,50
8800,218,49
8801,243,52
8802,240,51
8803,223,46
8804,230,49
8805,242,48
8806,219,49
8807,231,50
8808,227,51
8809,229,50
8810,253,50
8811,245,49
8812,222,49
8813,259,54
8814,257,51
8815,269,49
8816,221,53
8817,229,46
8818,222,50
8819,242,50
8820,218,49
8821,223,47
8822,251,51
8823,249,52
8824,236,50
8825,248,49
8826,241,53
8827,241,49
8828,217,48
8829,236,50
8830,245,50
8831,231,49
8832,254,53
8833,240,54
8834,256,49
8835,224,50
8836,246,47
8837,245,53
8838,242,49
8839,251,55
8840,237,55
8841,254,52
8842,216,50
8843,255,49
8844,225,48
8845,237,50
8846,230,48
8847,249,47
8848,241,52
8849,219,49
8850,218,47
8851,237,52
8852,245,52
8853,223,49
8854,237,52
8855,247,50
8856,226,50
8857,253,53
8858,254,54
8859,245,53
8860,257,54
8861,229,49
8862,246,51
8863,229,49
8864,223,50
8865,252,50
8866,240,52
8867,222,51
8868,226,49
8869,230,50
8870,259,51
8871,286,52
8872,236,47
8873,229,49
8874,219,48
8875,227,49
8876,237,46
8877,224,47
8878,239,50
8879,234,51
8880,216,47
8881,245,51
8882,271,52
8883,207,48
8884,238,49
8885,252,52
8886,221,51
8887,256,51
8888,224,48
8889,250,50
8890,232,48
8891,247,52
8892,243,46
8893,255,49
8894,239,49
8895,219,49
8896,224,50
8897,233,50
8898,249,51
8899,226,50
8900,210,48
8901,249,52
8902,251,53
8903,228,52
8904,207,46
8905,228,49
8906,231,49
8907,244,51
8908,236,50
8909,233,50
8910,221,45
8911,229,53
8912,219,52
8913,222,50
8914,222,50
8915,207,45
8916,225,50
8917,249,45
8918,239,51
8919,252,53
8920,231,52
8921,259,53
8922,230,49
8923,247,48
8924,231,49
8925,222,47
8926,233,49
8927,225,47
8928,251,50
8929,224,51
8930,233,52
8931,240,49
8932,243,50
8933,234,51
8934,254,52
8935,251,50
8936,219,48
8937,245,53
8938,241,50
8939,241,49
8940,263,56
8941,244,53
8942,246,51
8943,251,49
8944,238,49
8945,227,51
8946,253,53
8947,225,47
8948,253,53
8949,232,50
8950,224,50
8951,241,51
8952,226,52
8953,217,48
8954,234,51
8955,260,50
8956,238,49
8957,241,49
8958,234,50
8959,224,46
8960,238,51
8961,222,49
8962,228,50
8963,226,52
8964,257,54
8965,239,51
8966,230,49
8967,230,48
8968,227,48
8969,231,50
8970,232,52
8971,212,48
8972,244,49
8973,234,54
8974,232,50
8975,217,50
8976,240,49
8977,244,51
8978,237,51
8979,249,50
8980,249,50
8981,229,52
8982,234,51
8983,250,52
8984,239,50
8985,230,48
8986,224,50
8987,245,48
8988,284,53
8989,243,48
8990,223,52
8991,240,49
8992,224,47
8993,216,46
8994,222,50
8995,230,50
8996,248,50
8997,233,54
8998,245,51
8999,233,50
9000,234,50
9001,235,48
9002,233,52
9003,272,54
9004,234,48
9005,221,48
9006,214,46
9007,231,48
9008,217,51
9009,235,48
9010,222,45
9011,250,52
9012,224,50
9013,239,50
9014,215,48
9015,224,48
9016,222,51
9017,254,52
9018,239,47
9019,233,49
9020,254,51
9021,221,48
9022,264,54
9023,235,48
9024,223,47
9025,226,51
9026,229,53
9027,257,52
9028,240,47
9029,267,55
9030,245,50
9031,254,53
9032,229,52
9033,215,50
9034,230,48
9035,265,52
9036,232,53
9037,246,51
9038,258,50
9039,273,53
9040,232,51
9041,228,49
9042,242,48
9043,229,52
9044,233,49
9045,215,51
9046,245,47
9047,243,51
9048,239,48
9049,236,51
9050,234,48
9051,227,49
9052,229,50
9053,264,52
9054,236,49
9055,252,50
9056,232,47
9057,236,52
9058,228,49
9059,242,53
9060,224,47
9061,223,48
9062,230,48
9063,237,51
9064,229,50
9065,209,46
9066,255,47
9067,224,52
9068,251,52
9069,234,49
9070,249,53
9071,240,51
9072,254,54
9073,229,48
9074,254,52
9075,241,51
9076,248,50
9077,244,49
9078,228,46
9079,218,47
9080,263,54
9081,241,47
9082,240,51
9083,260,50
9084,226,47
9085,223,49
9086,218,48
9087,234,51
9088,239,50
9089,239,50
9090,229,49
9091,233,49
9092,216,49
9093,239,50
9094,241,53
9095,230,49
9096,236,53
9097,226,48
9098,247,52
9099,248,52
9100,244,53
9101,242,50
9102,209,48
9103,250,50
9104,238,50
9105,234,48
9106,243,50
9107,272,51
9108,239,49
9109,240,53
9110,236,52
9111,231,49
9112,224,47
9113,219,48
9114,267,54
9115,262,53
9116,221,46
9117,220,50
9118,239,52
9119,254,51
9120,247,51
9121,253,49
9122,256,52
9123,223,49
9124,246,54
9125,256,46
9126,259,49
9127,255,50
9128,237,49
9129,249,53
9130,240,51
9131,250,51
9132,211,46
9133,243,52
9134,239,50
9135,234,50
9136,208,43
9137,226,50
9138,230,51
9139,230,51
9140,258,54
9141,241,51
9142,269,54
9143,242,50
9144,247,51
9145,259,48
9146,223,46
9147,246,52
9148,255,52
9149,239,50
9150,236,52
9151,208,48
9152,245,49
9153,249,49
9154,239,54
9155,247,51
9156,257,52
9157,215,49
9158,220,49
9159,243,51
9160,265,57
9161,228,52
9162,241,47
9163,260,53
9164,238,50
9165,240,50
9166,243,46
9167,229,51
9168,242,53
9169,259,49
9170,228,54
9171,237,51
9172,246,53
9173,232,48
9174,240,51
9175,239,50
9176,260,52
9177,230,49
9178,242,52
9179,238,49
9180,246,51
9181,227,48
9182,245,54
9183,238,50
9184,259,54
9185,222,51
9186,247,51
9187,229,52
9188,223,51
9189,238,52
9190,245,52
9191,231,48
9192,247,53
9193,243,49
9194,261,51
9195,246,50
9196,252,53
9197,234,51
9198,219,47
9199,266,54
9200,226,47
9201,218,48
9202,226,49
9203,238,52
9204,232,47
9205,266,52
9206,237,52
9207,233,51
9208,243,51
9209,232,51
9210,247,53
9211,214,48
9212,248,51
9213,249,48
9214,249,54
9215,255,52
9216,237,49
9217,221,46
9218,242,51
9219,242,54
9220,231,52
9221,240,49
9222,251,51
9223,259,50
9224,241,50
9225,244,53
9226,225,45
9227,213,48
9228,240,50
9229,241,49
9230,241,50
9231,219,49
9232,235,50
9233,246,52
9234,238,48
9235,250,55
9236,237,48
9237,273,51
9238,249,49
9239,237,50
9240,258,53
9241,241,51
9242,228,47
9243,249,51
9244,233,54
9245,279,51
9246,221,48
9247,238,50
9248,233,49
9249,226,50
9250,233,53
9251,247,52
9252,220,46
9253,225,49
9254,250,49
9255,251,49
9256,246,54
9257,248,52
9258,237,54
9259,255,55
9260,220,50
9261,248,50
9262,237,50
9263,235,48
9264,247,50
9265,231,47
9266,231,48
9267,234,50
9268,250,51
9269,210,48
9270,220,50
9271,218,47
9272,227,49
9273,226,50
9274,261,52
9275,216,49
9276,234,46
9277,249,50
9278,235,51
9279,243,51
9280,226,48
9281,274,54
9282,212,49
9283,231,49
9284,223,48
9285,220,47
9286,244,50
9287,274,55
9288,237,53
9289,243,50
9290,232,49
9291,237,51
9292,214,46
9293,256,52
9294,242,51
9295,223,50
9296,214,45
9297,229,50
9298,223,52
9299,232,50
9300,231,51
9301,243,50
9302,249,54
9303,224,48
9304,245,48
9305,222,50
9306,230,50
9307,237,51
9308,247,52
9309,246,51
9310,227,46
9311,234,46
9312,261,57
9313,252,51
9314,239,50
9315,239,49
9316,241,52
9317,233,51
9318,235,51
9319,233,51
9320,232,49
9321,218,49
9322,240,50
9323,226,47
9324,233,49
9325,238,48
9326,225,50
9327,233,46
9328,220,52
9329,225,46
9330,241,52
9331,231,52
9332,232,47
9333,229,49
9334,238,51
9335,217,49
9336,254,51
9337,229,51
9338,225,49
9339,228,49
9340,245,50
9341,240,49
9342,215,49
9343,220,47
9344,236,51
9345,243,51
9346,259,51
9347,218,50
9348,247,50
9349,234,49
9350,240,49
9351,248,51
9352,241,51
9353,219,48
9354,232,48
9355,252,56
9356,229,48
9357,227,48
9358,241,52
9359,236,51
9360,216,46
9361,239,52
9362,233,48
9363,231,47
9364,233,48
9365,222,49
9366,246,52
9367,265,51
9368,260,49
9369,239,52
9370,224,49
9371,239,48
9372,270,54
9373,238,50
9374,231,50
9375,222,48
9376,238,51
9377,255,49
9378,231,50
9379,247,51
9380,231,51
9381,236,53
9382,219,50
9383,233,52
9384,213,45
9385,235,48
9386,255,52
9387,224,50
9388,242,51
9389,264,52
9390,239,50
9391,255,50
9392,237,49
9393,223,48
9394,248,52
9395,241,45
9396,226,48
9397,216,49
9398,250,53
9399,240,48
9400,231,49
9401,218,48
9402,207,44
9403,232,50
9404,256,51
9405,237,51
9406,241,49
9407,235,52
9408,253,54
9409,229,50
9410,230,51
9411,225,47
9412,228,50
9413,234,47
9414,235,53
9415,246,53
9416,221,47
9417,265,49
9418,272,54
9419,219,50
9420,244,50
9421,245,52
9422,248,48
9423,241,49
9424,218,47
9425,245,51
9426,243,51
9427,252,51
9428,224,52
9429,235,51
9430,228,51
9431,237,54
9432,253,54
9433,230,50
9434,260,55
9435,241,52
9436,261,50
9437,243,50
9438,244,50
9439,243,53
9440,229,48
9441,245,51
9442,223,46
9443,226,51
9444,238,51
9445,255,50
9446,233,50
9447,234,48
9448,263,51
9449,247,53
9450,216,49
9451,241,48
9452,237,48
9453,245,50
9454,218,48
9455,228,46
9456,229,49
9457,242,51
9458,240,52
9459,244,52
9460,230,48
9461,211,48
9462,245,53
9463,216,50
9464,256,55
9465,239,49
9466,257,52
9467,237,50
9468,218,48
9469,271,53
9470,229,49
9471,237,49
9472,257,50
9473,217,48
9474,224,47
9475,236,49
9476,263,49
9477,215,49
9478,240,48
9479,238,50
9480,232,50
9481,250,50
9482,228,48
9483,233,50
9484,268,52
9485,227,49
9486,255,50
9487,218,48
9488,266,55
9489,235,49
9490,222,48
9491,241,49
9492,235,50
9493,221,50
9494,218,47
9495,247,50
9496,235,49
9497,233,49
9498,241,52
9499,250,52
9500,232,50
9501,254,51
9502,214,49
9503,238,52
9504,230,52
9505,230,51
9506,244,48
9507,226,49
9508,241,51
9509,261,53
9510,223,50
9511,231,51
9512,243,51
9513,213,46
9514,214,47
9515,229,51
9516,256,53
9517,242,53
9518,248,53
9519,229,48
9520,260,57
9521,257,54
9522,243,48
9523,242,50
9524,243,48
9525,258,52
9526,232,50
9527,236,52
9528,230,48
9529,260,49
9530,221,47
9531,236,51
9532,229,55
9533,232,50
9534,215,48
9535,235,52
9536,240,51
9537,222,47
9538,255,55
9539,241,52
9540,247,50
9541,241,49
9542,246,50
9543,226,48
9544,245,51
9545,233,50
9546,226,47
9547,252,52
9548,248,52
9549,233,52
9550,245,51
9551,225,50
9552,256,56
9553,229,49
9554,236,46
9555,248,51
9556,248,49
9557,239,49
9558,229,52
9559,235,52
9560,239,49
9561,246,47
9562,264,50
9563,220,50
9564,261,51
9565,229,50
9566,237,51
9567,263,51
9568,231,50
9569,234,53
9570,222,49
9571,259,53
9572,233,50
9573,244,51
9574,227,49
9575,235,49
9576,234,47
9577,259,55
9578,242,48
9579,221,50
9580,260,50
9581,245,51
9582,245,51
9583,239,53
9584,245,54
9585,224,48
9586,246,49
9587,239,49
9588,239,51
9589,214,47
9590,256,52
9591,235,51
9592,244,50
9593,228,50
9594,254,52
9595,207,47
9596,238,51
9597,237,53
9598,232,50
9599,234,49
9600,222,49
9601,235,49
9602,266,50
9603,217,50
9604,231,48
9605,250,49
9606,216,47
9607,229,47
9608,237,47
9609,250,50
9610,226,46
9611,229,47
9612,256,54
9613,223,49
9614,251,54
9615,245,52
9616,244,52
9617,212,47
9618,258,50
9619,231,50
9620,252,49
9621,226,47
9622,234,51
9623,248,53
9624,223,47
9625,255,51
9626,270,53
9627,242,51
9628,237,51
9629,230,50
9630,224,53
9631,244,50
9632,247,48
9633,242,52
9634,231,48
9635,222,50
9636,269,50
9637,244,51
9638,234,52
9639,214,45
9640,252,52
9641,248,47
9642,240,50
9643,238,54
9644,237,54
9645,242,54
9646,255,54
9647,234,51
9648,224,47
9649,228,50
9650,238,49
9651,254,53
9652,237,53
9653,271,53
9654,232,51
9655,229,46
9656,254,50
9657,242,49
9658,217,46
9659,238,54
9660,235,49
9661,235,50
9662,253,54
9663,242,46
9664,230,48
9665,243,49
9666,219,48
9667,232,53
9668,222,52
9669,228,49
9670,244,52
9671,245,52
9672,235,46
9673,228,52
9674,247,52
9675,244,51
9676,244,50
9677,260,56
9678,241,50
9679,233,51
9680,247,51
9681,265,52
9682,221,48
9683,231,47
9684,230,52
9685,243,55
9686,250,54
9687,220,49
9688,228,49
9689,237,51
9690,244,50
9691,240,53
9692,210,49
9693,251,54
9694,245,52
9695,237,50
9696,227,55
9697,230,49
9698,228,47
9699,221,49
9700,227,52
9701,268,52
9702,255,51
9703,254,53
9704,231,50
9705,222,48
9706,235,49
9707,235,52
9708,251,54
9709,246,51
9710,233,53
9711,238,50
9712,237,48
9713,244,49
9714,246,50
9715,247,46
9716,236,48
9717,234,53
9718,235,48
9719,239,52
9720,218,48
9721,213,49
9722,213,46
9723,234,45
9724,230,48
9725,229,49
9726,255,49
9727,245,52
9728,229,53
9729,223,49
9730,236,48
9731,225,50
9732,261,53
9733,218,50
9734,238,52
9735,240,53
9736,236,52
9737,237,48
9738,258,54
9739,235,51
9740,250,53
9741,276,53
9742,243,49
9743,234,52
9744,222,50
9745,220,48
9746,222,50
9747,256,55
9748,216,45
9749,223,50
9750,228,50
9751,254,54
9752,256,51
9753,251,51
9754,222,49
9755,226,50
9756,247,51
9757,246,53
9758,232,48
9759,244,49
9760,234,55
9761,226,50
9762,231,49
9763,240,50
9764,238,52
9765,248,50
9766,229,49
9767,248,51
9768,235,50
9769,226,50
9770,258,52
9771,245,54
9772,248,53
9773,222,48
9774,227,50
9775,236,50
9776,237,50
9777,267,51
9778,230,49
9779,223,46
9780,246,50
9781,229,48
9782,224,50
9783,223,46
9784,231,48
9785,218,50
9786,235,47
9787,238,51
9788,253,55
9789,249,52
9790,247,51
9791,226,49
9792,232,50
9793,219,47
9794,237,50
9795,224,50
9796,235,50
9797,229,48
9798,227,49
9799,236,49
9800,255,56
9801,224,49
9802,228,49
9803,248,49
9804,236,50
9805,242,50
9806,216,50
9807,230,50
9808,228,48
9809,242,48
9810,229,50
9811,224,48
9812,227,50
9813,213,46
9814,240,50
9815,224,51
9816,217,49
9817,254,50
9818,249,59
9819,241,50
9820,230,49
9821,220,48
9822,232,53
9823,237,51
9824,209,46
9825,255,50
9826,223,48
9827,230,50
9828,251,54
9829,221,47
9830,254,53
9831,256,51
9832,241,49
9833,211,47
9834,237,50
9835,233,48
9836,251,51
9837,238,49
9838,236,46
9839,227,50
9840,243,52
9841,258,53
9842,224,51
9843,269,53
9844,236,48
9845,245,53
9846,236,50
9847,229,51
9848,234,52
9849,272,54
9850,227,48
9851,258,51
9852,252,48
9853,265,54
9854,234,50
9855,217,48
9856,229,50
9857,202,49
9858,233,48
9859,222,51
9860,237,48
9861,242,49
9862,234,49
9863,223,49
9864,266,52
9865,249,51
9866,240,51
9867,248,50
9868,214,50
9869,223,46
9870,214,48
9871,219,46
9872,259,54
9873,224,52
9874,234,51
9875,224,48
9876,220,51
9877,220,49
9878,237,52
9879,245,56
9880,235,51
9881,210,45
9882,226,48
9883,237,53
9884,230,50
9885,223,53
9886,235,51
9887,219,50
9888,232,51
9889,214,48
9890,221,49
9891,237,51
9892,231,50
9893,225,50
9894,245,48
9895,231,51
9896,228,51
9897,250,55
9898,287,53
9899,260,50
9900,234,50
9901,238,49
9902,227,47
9903,237,49
9904,243,52
9905,234,48
9906,253,53
9907,228,52
9908,222,50
9909,246,50
9910,235,50
9911,244,52
9912,236,51
9913,241,50
9914,247,48
9915,245,50
9916,219,48
9917,241,51
9918,224,50
9919,226,47
9920,226,50
9921,251,53
9922,229,49
9923,225,49
9924,230,52
9925,235,50
9926,232,47
9927,240,51
9928,225,49
9929,230,51
9930,229,47
9931,242,49
9932,223,50
9933,242,51
9934,246,48
9935,242,52
9936,229,51
9937,257,54
9938,237,52
9939,237,49
9940,247,51
9941,230,48
9942,234,52
9943,242,50
9944,226,51
9945,231,52
9946,219,50
9947,245,52
9948,228,49
9949,239,53
9950,238,50
9951,228,48
9952,259,52
9953,234,52
9954,253,52
9955,238,51
9956,249,52
9957,248,54
9958,253,57
9959,238,52
9960,244,47
9961,254,53
9962,235,47
9963,240,46
9964,228,51
9965,224,45
9966,246,52
9967,239,49
9968,230,46
9969,241,51
9970,250,51
9971,220,46
9972,243,51
9973,240,50
9974,242,47
9975,224,52
9976,226,48
9977,232,50
9978,251,49
9979,231,47
9980,218,53
9981,219,47
9982,249,50
9983,245,51
9984,243,51
9985,235,53
9986,241,51
9987,244,49
9988,237,50
9989,222,45
9990,211,47
9991,227,50
9992,231,50
9993,230,51
9994,248,50
9995,234,50
9996,234,51
9997,251,53
9998,250,52
9999,236,49
10000,226,51
